index,k__Bacteria;__;__;__;__,k__Bacteria;p__Actinobacteria;c__Actinobacteria;o__Bifidobacteriales;f__Bifidobacteriaceae,k__Bacteria;p__Actinobacteria;c__Coriobacteriia;o__Coriobacteriales;f__Coriobacteriaceae,k__Bacteria;p__Bacteroidetes;__;__;__,k__Bacteria;p__Bacteroidetes;c__Bacteroidia;o__Bacteroidales;__,k__Bacteria;p__Bacteroidetes;c__Bacteroidia;o__Bacteroidales;f__,k__Bacteria;p__Bacteroidetes;c__Bacteroidia;o__Bacteroidales;f__Bacteroidaceae,k__Bacteria;p__Bacteroidetes;c__Bacteroidia;o__Bacteroidales;f__Porphyromonadaceae,k__Bacteria;p__Bacteroidetes;c__Bacteroidia;o__Bacteroidales;f__Prevotellaceae,k__Bacteria;p__Bacteroidetes;c__Bacteroidia;o__Bacteroidales;f__Rikenellaceae,k__Bacteria;p__Bacteroidetes;c__Bacteroidia;o__Bacteroidales;f__S24-7,k__Bacteria;p__Bacteroidetes;c__Bacteroidia;o__Bacteroidales;f__[Odoribacteraceae],k__Bacteria;p__Bacteroidetes;c__Bacteroidia;o__Bacteroidales;f__[Paraprevotellaceae],k__Bacteria;p__Cyanobacteria;c__4C0d-2;o__YS2;f__,k__Bacteria;p__Deferribacteres;c__Deferribacteres;o__Deferribacterales;f__Deferribacteraceae,k__Bacteria;p__Firmicutes;c__Bacilli;__;__,k__Bacteria;p__Firmicutes;c__Bacilli;o__Bacillales;f__Planococcaceae,k__Bacteria;p__Firmicutes;c__Bacilli;o__Bacillales;f__Staphylococcaceae,k__Bacteria;p__Firmicutes;c__Bacilli;o__Lactobacillales;f__Aerococcaceae,k__Bacteria;p__Firmicutes;c__Bacilli;o__Lactobacillales;f__Lactobacillaceae,k__Bacteria;p__Firmicutes;c__Bacilli;o__Lactobacillales;f__Streptococcaceae,k__Bacteria;p__Firmicutes;c__Bacilli;o__Turicibacterales;f__Turicibacteraceae,k__Bacteria;p__Firmicutes;c__Clostridia;__;__,k__Bacteria;p__Firmicutes;c__Clostridia;o__Clostridiales;__,k__Bacteria;p__Firmicutes;c__Clostridia;o__Clostridiales;f__,k__Bacteria;p__Firmicutes;c__Clostridia;o__Clostridiales;f__Christensenellaceae,k__Bacteria;p__Firmicutes;c__Clostridia;o__Clostridiales;f__Clostridiaceae,k__Bacteria;p__Firmicutes;c__Clostridia;o__Clostridiales;f__Dehalobacteriaceae,k__Bacteria;p__Firmicutes;c__Clostridia;o__Clostridiales;f__Eubacteriaceae,k__Bacteria;p__Firmicutes;c__Clostridia;o__Clostridiales;f__Lachnospiraceae,k__Bacteria;p__Firmicutes;c__Clostridia;o__Clostridiales;f__Peptococcaceae,k__Bacteria;p__Firmicutes;c__Clostridia;o__Clostridiales;f__Ruminococcaceae,k__Bacteria;p__Firmicutes;c__Clostridia;o__Clostridiales;f__[Mogibacteriaceae],k__Bacteria;p__Firmicutes;c__Erysipelotrichi;o__Erysipelotrichales;f__Erysipelotrichaceae,k__Bacteria;p__OD1;c__;o__;f__,k__Bacteria;p__Proteobacteria;c__Alphaproteobacteria;o__RF32;f__,k__Bacteria;p__Proteobacteria;c__Betaproteobacteria;o__Burkholderiales;f__Alcaligenaceae,k__Bacteria;p__Proteobacteria;c__Deltaproteobacteria;o__Desulfovibrionales;f__Desulfovibrionaceae,k__Bacteria;p__Proteobacteria;c__Epsilonproteobacteria;o__Campylobacterales;f__Helicobacteraceae,k__Bacteria;p__Proteobacteria;c__Gammaproteobacteria;o__Enterobacteriales;f__Enterobacteriaceae,k__Bacteria;p__Proteobacteria;c__Gammaproteobacteria;o__Oceanospirillales;f__Halomonadaceae,k__Bacteria;p__TM7;c__TM7-3;o__CW040;f__F16,k__Bacteria;p__Verrucomicrobia;c__Verrucomicrobiae;o__Verrucomicrobiales;f__Verrucomicrobiaceae,BarcodeSequence,LinkerPrimerSequence,Together,AliquotID,AliquotWeight,AliquotWeightUnit,AnimalSubjectID,AnimalWeight,BirthDate,Sex,SpecimenBodySite,UberonCodeBodySite,Company,ProductCode,ProductName,ChowEndDate,ChowStartDate,Biome,CollectionSiteName,CollectionSiteTechnician,Depth,Elevation,Environment,Feature,Latitude,Longitude,Material,ExperimentName,FacilityLocation,FacilityName,NumberOfCageCompanions,TankID,TankMaterial,TankShape,TypeOfBedding,TypeOfFacility,TypeOfHousing,Housing,HousingEndDate,HousingStartDate,BreedingProgram,EnvironmentalEnrichment,LightDarkCycle,Temperature,ContactEmail,ContactName,PrimaryInvestigator,ExampleMetaData,Separate,DaysSinceExperimentStart,RawDataNotes,RawDataDatePerformed,RawDataProcessor,RawDataProtocolID,FinishingStrategyCoverage,FinishingStrategyStatus,NumberOfContigs,Primer,RawDataConditions,SequencingMethod,TargetGene,ResultID,ResultsLocation,ResultsDatePerformed,ResultsProcessor,ResultsProtocolID,ResultsMethod,ResultsTool,ResultsToolVersion,MmedsSampleID,SampleWeight,SampleWeightUnit,SampleDatePerformed,SampleProcessor,SampleProtocolID,SampleProtocolNotes,SampleConditions,SampleTool,SampleToolVersion,SpeciesName,SpecimenCollectionDate,SpecimenCollectionMethod,SpecimenCollectionTime,SpecimenID,SpecimenNotes,SpecimenWeight,SpecimenWeightUnit,StorageFreezer,StorageInstitution,StrainID,StrainName,Strain,StrainProducer,RelevantLinks,StudyName,StudyType,SubjectType,SpecimenType,UberonCodeType,VendorLocation,VendorName,VendorStrainInfo,HousingStrainSubgroup
CG01-1,236.0,24.0,63.0,0.0,0.0,73.0,890.0,64.0,640.0,397.0,5452.0,108.0,313.0,41.0,98.0,0.0,0.0,0.0,0.0,2936.0,0.0,0.0,0.0,1288.0,0.0,0.0,792.0,63.0,0.0,10292.0,0.0,1365.0,34.0,10.0,11.0,0.0,43.0,149.0,43.0,0.0,507.0,78.0,0.0,CCAGAATG,CCGTCCTTCTTAATCATAC,1,nan,nan,nan,CG01-1,nan,4/20/2014,M,colon,nan,nan,nan,nan,nan,nan,nan,nan,nan,nan,nan,nan,nan,nan,nan,nan,nan,nan,nan,nan,814502,nan,nan,nan,nan,Littermate,Littermate,nan,nan,nan,nan,nan,nan,acerutti@imim.es,Andrea Cerutti,Andrea Cerutti,nan,Required,nan,16S of mouse gut metagenome,nan,nan,1,nan,nan,nan,nan,nan,AMPLICON,16S,nan,nan,nan,nan,1,nan,nan,nan,1,nan,nan,nan,nan,1,nan,nan,nan,nan,nan,nan,nan,nan,1,nan,nan,nan,nan,nan,nan,WT,WT,nan,nan,IgA_IgG_vaccine_response,nan,Animal,feces,nan,nan,nan,nan,Littermate_WT
CG02-2,24.0,0.0,86.0,0.0,36.0,0.0,223.0,32.0,189.0,979.0,5001.0,418.0,608.0,40.0,58.0,0.0,0.0,0.0,0.0,2033.0,0.0,0.0,0.0,3224.0,0.0,0.0,49.0,108.0,0.0,12219.0,0.0,2739.0,74.0,0.0,0.0,0.0,43.0,373.0,187.0,0.0,0.0,138.0,0.0,GAAGACTA,CGTTATAAAAGCCACACGG,2,nan,nan,nan,CG02-2,nan,4/20/2014,M,colon,nan,nan,nan,nan,nan,nan,nan,nan,nan,nan,nan,nan,nan,nan,nan,nan,nan,nan,nan,nan,814502,nan,nan,nan,nan,Littermate,Littermate,nan,nan,nan,nan,nan,nan,acerutti@imim.es,Andrea Cerutti,Andrea Cerutti,nan,Text,nan,16S of mouse gut metagenome,nan,nan,2,nan,nan,nan,nan,nan,AMPLICON,16S,nan,nan,nan,nan,2,nan,nan,nan,2,nan,nan,nan,nan,2,nan,nan,nan,nan,nan,nan,nan,nan,2,nan,nan,nan,nan,nan,nan,WT,WT,nan,nan,IgA_IgG_vaccine_response,nan,Animal,feces,nan,nan,nan,nan,Littermate_WT
CG03-3,183.0,0.0,101.0,0.0,0.0,0.0,0.0,21.0,41.0,1319.0,4640.0,496.0,239.0,19.0,26.0,0.0,0.0,0.0,0.0,1634.0,0.0,578.0,0.0,4715.0,154.0,49.0,31.0,139.0,0.0,12685.0,0.0,3273.0,76.0,23.0,0.0,0.0,83.0,418.0,116.0,0.0,0.0,0.0,0.0,CAATAGTT,TAATATGACTCGCCATTTG,3,nan,nan,nan,CG03-3,nan,5/3/2014,F,colon,nan,nan,nan,nan,nan,nan,nan,nan,nan,nan,nan,nan,nan,nan,nan,nan,nan,nan,nan,nan,814506,nan,nan,nan,nan,Littermate,Littermate,nan,nan,nan,nan,nan,nan,acerutti@imim.es,Andrea Cerutti,Andrea Cerutti,nan,Limit 45 Characters,nan,16S of mouse gut metagenome,nan,nan,3,nan,nan,nan,nan,nan,AMPLICON,16S,nan,nan,nan,nan,3,nan,nan,nan,3,nan,nan,nan,nan,3,nan,nan,nan,nan,nan,nan,nan,nan,3,nan,nan,nan,nan,nan,nan,WT,WT,nan,nan,IgA_IgG_vaccine_response,nan,Animal,feces,nan,nan,nan,nan,Littermate_WT
CG04-4,0.0,0.0,104.0,9.0,0.0,0.0,449.0,166.0,125.0,594.0,5987.0,179.0,775.0,38.0,168.0,0.0,0.0,0.0,0.0,1849.0,0.0,0.0,0.0,3460.0,105.0,0.0,0.0,172.0,0.0,9503.0,21.0,1794.0,79.0,0.0,0.0,0.0,71.0,538.0,37.0,0.0,0.0,121.0,0.0,TGTGTGGC,ACTTCGCGATTCGCGCTGG,4,nan,nan,nan,CG04-4,nan,4/7/2014,M,colon,nan,nan,nan,nan,nan,nan,nan,nan,nan,nan,nan,nan,nan,nan,nan,nan,nan,nan,nan,nan,814618,nan,nan,nan,nan,Littermate,Littermate,nan,nan,nan,nan,nan,nan,acerutti@imim.es,Andrea Cerutti,Andrea Cerutti,nan,All,nan,16S of mouse gut metagenome,nan,nan,4,nan,nan,nan,nan,nan,AMPLICON,16S,nan,nan,nan,nan,4,nan,nan,nan,4,nan,nan,nan,nan,4,nan,nan,nan,nan,nan,nan,nan,nan,4,nan,nan,nan,nan,nan,nan,WT,WT,nan,nan,IgA_IgG_vaccine_response,nan,Animal,feces,nan,nan,nan,nan,Littermate_WT
CG05-5,103.0,0.0,149.0,0.0,0.0,59.0,102.0,17.0,121.0,865.0,4287.0,383.0,171.0,28.0,203.0,0.0,0.0,0.0,0.0,847.0,0.0,0.0,0.0,2559.0,90.0,0.0,13.0,134.0,5.0,9670.0,0.0,2009.0,71.0,0.0,0.0,0.0,0.0,303.0,75.0,0.0,0.0,166.0,0.0,GCTCATGA,AAATCTGAGCCTCGAACCA,5,nan,nan,nan,CG05-5,nan,5/11/2014,M,colon,nan,nan,nan,nan,nan,nan,nan,nan,nan,nan,nan,nan,nan,nan,nan,nan,nan,nan,nan,nan,814523,nan,nan,nan,nan,Littermate,Littermate,nan,nan,nan,nan,nan,nan,acerutti@imim.es,Andrea Cerutti,Andrea Cerutti,nan,All,nan,16S of mouse gut metagenome,nan,nan,5,nan,nan,nan,nan,nan,AMPLICON,16S,nan,nan,nan,nan,5,nan,nan,nan,5,nan,nan,nan,nan,5,nan,nan,nan,nan,nan,nan,nan,nan,5,nan,nan,nan,nan,nan,nan,WT,WT,nan,nan,IgA_IgG_vaccine_response,nan,Animal,feces,nan,nan,nan,nan,Littermate_WT
CG06-6,245.0,0.0,125.0,0.0,0.0,197.0,267.0,96.0,102.0,899.0,6802.0,253.0,342.0,22.0,140.0,27.0,0.0,0.0,0.0,1257.0,0.0,0.0,0.0,4158.0,120.0,0.0,202.0,96.0,0.0,10555.0,0.0,2522.0,48.0,0.0,0.0,24.0,66.0,328.0,32.0,0.0,0.0,0.0,0.0,GGGCTACT,ATACATGGCTGTGCGTGCC,6,nan,nan,nan,CG06-6,nan,5/11/2014,M,colon,nan,nan,nan,nan,nan,nan,nan,nan,nan,nan,nan,nan,nan,nan,nan,nan,nan,nan,nan,nan,814523,nan,nan,nan,nan,Littermate,Littermate,nan,nan,nan,nan,nan,nan,acerutti@imim.es,Andrea Cerutti,Andrea Cerutti,nan,All,nan,16S of mouse gut metagenome,nan,nan,6,nan,nan,nan,nan,nan,AMPLICON,16S,nan,nan,nan,nan,6,nan,nan,nan,6,nan,nan,nan,nan,6,nan,nan,nan,nan,nan,nan,nan,nan,6,nan,nan,nan,nan,nan,nan,WT,WT,nan,nan,IgA_IgG_vaccine_response,nan,Animal,feces,nan,nan,nan,nan,Littermate_WT
CG07-7,98.0,0.0,196.0,0.0,65.0,5.0,799.0,113.0,916.0,1213.0,6973.0,198.0,885.0,36.0,58.0,0.0,0.0,0.0,0.0,5523.0,22.0,0.0,0.0,639.0,64.0,0.0,194.0,41.0,0.0,6521.0,0.0,1136.0,44.0,12.0,0.0,0.0,108.0,0.0,34.0,0.0,0.0,147.0,0.0,TTGCATAT,AGGTTCGTACACCGGCCCC,7,nan,nan,nan,CG07-7,nan,4/20/2014,M,colon,nan,nan,nan,nan,nan,nan,nan,nan,nan,nan,nan,nan,nan,nan,nan,nan,nan,nan,nan,nan,814502,nan,nan,nan,nan,Littermate,Littermate,nan,nan,nan,nan,nan,nan,acerutti@imim.es,Andrea Cerutti,Andrea Cerutti,nan,All,nan,16S of mouse gut metagenome,nan,nan,7,nan,nan,nan,nan,nan,AMPLICON,16S,nan,nan,nan,nan,7,nan,nan,nan,7,nan,nan,nan,nan,7,nan,nan,nan,nan,nan,nan,nan,nan,7,nan,nan,nan,nan,nan,nan,IgAKO,IgAKO,nan,nan,IgA_IgG_vaccine_response,nan,Animal,feces,nan,nan,nan,nan,Littermate_IgAKO
CG08-8,186.0,17.0,105.0,27.0,41.0,74.0,286.0,154.0,355.0,1260.0,7304.0,427.0,1065.0,26.0,0.0,0.0,0.0,0.0,0.0,4476.0,0.0,0.0,0.0,1196.0,155.0,0.0,351.0,0.0,0.0,5037.0,0.0,1626.0,45.0,0.0,0.0,30.0,82.0,233.0,0.0,7.0,0.0,169.0,0.0,GTACTACT,GAGCTTAAGCGTTCGACAG,8,nan,nan,nan,CG08-8,nan,4/20/2014,M,colon,nan,nan,nan,nan,nan,nan,nan,nan,nan,nan,nan,nan,nan,nan,nan,nan,nan,nan,nan,nan,814502,nan,nan,nan,nan,Littermate,Littermate,nan,nan,nan,nan,nan,nan,acerutti@imim.es,Andrea Cerutti,Andrea Cerutti,nan,All,nan,16S of mouse gut metagenome,nan,nan,8,nan,nan,nan,nan,nan,AMPLICON,16S,nan,nan,nan,nan,8,nan,nan,nan,8,nan,nan,nan,nan,8,nan,nan,nan,nan,nan,nan,nan,nan,8,nan,nan,nan,nan,nan,nan,IgAKO,IgAKO,nan,nan,IgA_IgG_vaccine_response,nan,Animal,feces,nan,nan,nan,nan,Littermate_IgAKO
CG09-9,148.0,28.0,101.0,0.0,31.0,0.0,518.0,43.0,162.0,460.0,6056.0,92.0,208.0,0.0,32.0,0.0,0.0,0.0,0.0,3783.0,0.0,0.0,0.0,2705.0,0.0,0.0,227.0,105.0,0.0,7660.0,0.0,1258.0,37.0,47.0,0.0,0.0,188.0,88.0,26.0,0.0,0.0,47.0,0.0,GTTGAAAG,AAAAATGTTGAGCATGAGA,9,nan,nan,nan,CG09-9,nan,5/3/2014,F,colon,nan,nan,nan,nan,nan,nan,nan,nan,nan,nan,nan,nan,nan,nan,nan,nan,nan,nan,nan,nan,814506,nan,nan,nan,nan,Littermate,Littermate,nan,nan,nan,nan,nan,nan,acerutti@imim.es,Andrea Cerutti,Andrea Cerutti,nan,All,nan,16S of mouse gut metagenome,nan,nan,9,nan,nan,nan,nan,nan,AMPLICON,16S,nan,nan,nan,nan,9,nan,nan,nan,9,nan,nan,nan,nan,9,nan,nan,nan,nan,nan,nan,nan,nan,9,nan,nan,nan,nan,nan,nan,IgAKO,IgAKO,nan,nan,IgA_IgG_vaccine_response,nan,Animal,feces,nan,nan,nan,nan,Littermate_IgAKO
CG10-10,83.0,0.0,323.0,0.0,0.0,0.0,456.0,207.0,137.0,579.0,11160.0,98.0,868.0,43.0,41.0,0.0,0.0,0.0,0.0,2523.0,0.0,0.0,0.0,1196.0,61.0,0.0,520.0,63.0,0.0,6796.0,7.0,1212.0,51.0,15.0,0.0,0.0,187.0,548.0,70.0,0.0,184.0,61.0,0.0,GCACTCGA,CAATCGAGGGGTGGTTAAC,10,nan,nan,nan,CG10-10,nan,4/7/2014,M,colon,nan,nan,nan,nan,nan,nan,nan,nan,nan,nan,nan,nan,nan,nan,nan,nan,nan,nan,nan,nan,814618,nan,nan,nan,nan,Littermate,Littermate,nan,nan,nan,nan,nan,nan,acerutti@imim.es,Andrea Cerutti,Andrea Cerutti,nan,All,nan,16S of mouse gut metagenome,nan,nan,10,nan,nan,nan,nan,nan,AMPLICON,16S,nan,nan,nan,nan,10,nan,nan,nan,10,nan,nan,nan,nan,10,nan,nan,nan,nan,nan,nan,nan,nan,10,nan,nan,nan,nan,nan,nan,IgAKO,IgAKO,nan,nan,IgA_IgG_vaccine_response,nan,Animal,feces,nan,nan,nan,nan,Littermate_IgAKO
CG11-11,0.0,0.0,143.0,0.0,0.0,0.0,334.0,53.0,168.0,811.0,9161.0,535.0,313.0,0.0,92.0,0.0,0.0,10.0,0.0,1789.0,0.0,0.0,0.0,1306.0,55.0,26.0,429.0,75.0,0.0,9429.0,12.0,1168.0,53.0,19.0,0.0,0.0,201.0,66.0,18.0,0.0,0.0,40.0,0.0,TATCGGAA,CGTTATAGCTATACATATA,11,nan,nan,nan,CG11-11,nan,5/11/2014,M,colon,nan,nan,nan,nan,nan,nan,nan,nan,nan,nan,nan,nan,nan,nan,nan,nan,nan,nan,nan,nan,814523,nan,nan,nan,nan,Littermate,Littermate,nan,nan,nan,nan,nan,nan,acerutti@imim.es,Andrea Cerutti,Andrea Cerutti,nan,All,nan,16S of mouse gut metagenome,nan,nan,11,nan,nan,nan,nan,nan,AMPLICON,16S,nan,nan,nan,nan,11,nan,nan,nan,11,nan,nan,nan,nan,11,nan,nan,nan,nan,nan,nan,nan,nan,11,nan,nan,nan,nan,nan,nan,IgAKO,IgAKO,nan,nan,IgA_IgG_vaccine_response,nan,Animal,feces,nan,nan,nan,nan,Littermate_IgAKO
CG12-12,54.0,47.0,321.0,13.0,32.0,0.0,197.0,66.0,187.0,499.0,8285.0,214.0,587.0,60.0,39.0,0.0,0.0,0.0,0.0,4631.0,0.0,0.0,0.0,1023.0,81.0,0.0,223.0,51.0,0.0,5736.0,0.0,976.0,33.0,0.0,0.0,0.0,190.0,57.0,0.0,0.0,0.0,53.0,0.0,TCAACTTG,ATCCCTGTATTCGAGGCTG,12,nan,nan,nan,CG12-12,nan,5/11/2014,M,colon,nan,nan,nan,nan,nan,nan,nan,nan,nan,nan,nan,nan,nan,nan,nan,nan,nan,nan,nan,nan,814523,nan,nan,nan,nan,Littermate,Littermate,nan,nan,nan,nan,nan,nan,acerutti@imim.es,Andrea Cerutti,Andrea Cerutti,nan,All,nan,16S of mouse gut metagenome,nan,nan,12,nan,nan,nan,nan,nan,AMPLICON,16S,nan,nan,nan,nan,12,nan,nan,nan,12,nan,nan,nan,nan,12,nan,nan,nan,nan,nan,nan,nan,nan,12,nan,nan,nan,nan,nan,nan,IgAKO,IgAKO,nan,nan,IgA_IgG_vaccine_response,nan,Animal,feces,nan,nan,nan,nan,Littermate_IgAKO
CG13-13,138.0,0.0,176.0,46.0,0.0,0.0,650.0,204.0,253.0,116.0,8229.0,79.0,1386.0,140.0,43.0,0.0,0.0,0.0,0.0,2329.0,0.0,0.0,0.0,2107.0,170.0,8.0,318.0,146.0,0.0,4773.0,0.0,2509.0,49.0,0.0,0.0,19.0,154.0,258.0,104.0,0.0,0.0,0.0,0.0,AATGGCAG,GGAGGACTTCCAGCCTATA,13,nan,nan,nan,CG13-13,nan,4/7/2014,M,colon,nan,nan,nan,nan,nan,nan,nan,nan,nan,nan,nan,nan,nan,nan,nan,nan,nan,nan,nan,nan,814618,nan,nan,nan,nan,Littermate,Littermate,nan,nan,nan,nan,nan,nan,acerutti@imim.es,Andrea Cerutti,Andrea Cerutti,nan,All,nan,16S of mouse gut metagenome,nan,nan,13,nan,nan,nan,nan,nan,AMPLICON,16S,nan,nan,nan,nan,13,nan,nan,nan,13,nan,nan,nan,nan,13,nan,nan,nan,nan,nan,nan,nan,nan,13,nan,nan,nan,nan,nan,nan,IgAKO,IgAKO,nan,nan,IgA_IgG_vaccine_response,nan,Animal,feces,nan,nan,nan,nan,Littermate_IgAKO
CG14-14,366.0,0.0,0.0,0.0,55.0,0.0,484.0,89.0,259.0,504.0,7668.0,391.0,616.0,86.0,105.0,0.0,0.0,0.0,0.0,2827.0,0.0,0.0,0.0,2194.0,55.0,0.0,120.0,96.0,0.0,11649.0,0.0,1556.0,38.0,0.0,0.0,0.0,41.0,277.0,97.0,0.0,0.0,79.0,0.0,GATGGGGC,TCGAACTGTGTCTTAATCG,14,nan,nan,nan,CG14-14,nan,6/7/2014,F,colon,nan,nan,nan,nan,nan,nan,nan,nan,nan,nan,nan,nan,nan,nan,nan,nan,nan,nan,nan,nan,828814,nan,nan,nan,nan,non-co-housed,non-co-housed,nan,nan,nan,nan,nan,nan,acerutti@imim.es,Andrea Cerutti,Andrea Cerutti,nan,All,nan,16S of mouse gut metagenome,nan,nan,14,nan,nan,nan,nan,nan,AMPLICON,16S,nan,nan,nan,nan,14,nan,nan,nan,14,nan,nan,nan,nan,14,nan,nan,nan,nan,nan,nan,nan,nan,14,nan,nan,nan,nan,nan,nan,WT,WT,nan,nan,IgA_IgG_vaccine_response,nan,Animal,feces,nan,nan,nan,nan,non-co-housed_WT
CG15-15,38.0,0.0,103.0,0.0,28.0,36.0,460.0,51.0,275.0,789.0,7342.0,475.0,892.0,0.0,0.0,0.0,0.0,0.0,44.0,5046.0,0.0,0.0,0.0,997.0,337.0,0.0,316.0,55.0,0.0,9483.0,0.0,1176.0,13.0,0.0,0.0,0.0,57.0,42.0,56.0,0.0,0.0,115.0,0.0,CACAATGG,CTTCCTCGCCCAGATTACG,15,nan,nan,nan,CG15-15,nan,6/7/2014,F,colon,nan,nan,nan,nan,nan,nan,nan,nan,nan,nan,nan,nan,nan,nan,nan,nan,nan,nan,nan,nan,828814,nan,nan,nan,nan,non-co-housed,non-co-housed,nan,nan,nan,nan,nan,nan,acerutti@imim.es,Andrea Cerutti,Andrea Cerutti,nan,All,nan,16S of mouse gut metagenome,nan,nan,15,nan,nan,nan,nan,nan,AMPLICON,16S,nan,nan,nan,nan,15,nan,nan,nan,15,nan,nan,nan,nan,15,nan,nan,nan,nan,nan,nan,nan,nan,15,nan,nan,nan,nan,nan,nan,WT,WT,nan,nan,IgA_IgG_vaccine_response,nan,Animal,feces,nan,nan,nan,nan,non-co-housed_WT
CG16-16,0.0,0.0,120.0,0.0,0.0,43.0,587.0,164.0,133.0,334.0,11296.0,690.0,783.0,100.0,63.0,0.0,0.0,0.0,0.0,5263.0,0.0,0.0,0.0,1887.0,0.0,0.0,345.0,91.0,0.0,8703.0,0.0,1524.0,63.0,0.0,0.0,0.0,115.0,617.0,25.0,0.0,0.0,41.0,0.0,CGACATCC,CCCTCACAGAAAAGCAGCC,16,nan,nan,nan,CG16-16,nan,6/7/2014,F,colon,nan,nan,nan,nan,nan,nan,nan,nan,nan,nan,nan,nan,nan,nan,nan,nan,nan,nan,nan,nan,828814,nan,nan,nan,nan,non-co-housed,non-co-housed,nan,nan,nan,nan,nan,nan,acerutti@imim.es,Andrea Cerutti,Andrea Cerutti,nan,All,nan,16S of mouse gut metagenome,nan,nan,16,nan,nan,nan,nan,nan,AMPLICON,16S,nan,nan,nan,nan,16,nan,nan,nan,16,nan,nan,nan,nan,16,nan,nan,nan,nan,nan,nan,nan,nan,16,nan,nan,nan,nan,nan,nan,WT,WT,nan,nan,IgA_IgG_vaccine_response,nan,Animal,feces,nan,nan,nan,nan,non-co-housed_WT
CG17-17,114.0,0.0,223.0,0.0,50.0,0.0,190.0,104.0,50.0,528.0,12028.0,50.0,975.0,12.0,68.0,0.0,0.0,181.0,0.0,4980.0,0.0,1271.0,87.0,786.0,108.0,0.0,472.0,92.0,0.0,6635.0,0.0,1376.0,38.0,98.0,0.0,0.0,378.0,389.0,110.0,0.0,0.0,150.0,0.0,TCGTAGGT,AGAAGAATGACGCCGCTCC,17,nan,nan,nan,CG17-17,nan,2/22/2015,M,colon,nan,nan,nan,nan,nan,nan,nan,nan,nan,nan,nan,nan,nan,nan,nan,nan,nan,nan,nan,nan,899781,nan,nan,nan,nan,non-co-housed,non-co-housed,nan,nan,nan,nan,nan,nan,acerutti@imim.es,Andrea Cerutti,Andrea Cerutti,nan,All,nan,16S of mouse gut metagenome,nan,nan,17,nan,nan,nan,nan,nan,AMPLICON,16S,nan,nan,nan,nan,17,nan,nan,nan,17,nan,nan,nan,nan,17,nan,nan,nan,nan,nan,nan,nan,nan,17,nan,nan,nan,nan,nan,nan,WT,WT,nan,nan,IgA_IgG_vaccine_response,nan,Animal,feces,nan,nan,nan,nan,non-co-housed_WT
CG18-18,133.0,0.0,182.0,0.0,45.0,72.0,418.0,162.0,43.0,715.0,9707.0,75.0,1020.0,59.0,242.0,0.0,28.0,188.0,0.0,2160.0,0.0,2350.0,0.0,1076.0,179.0,0.0,421.0,86.0,0.0,5973.0,0.0,1623.0,42.0,41.0,0.0,25.0,204.0,362.0,0.0,0.0,15.0,211.0,0.0,TAACCACC,TTTGGAGGGTCTGATGTTT,18,nan,nan,nan,CG18-18,nan,2/22/2015,M,colon,nan,nan,nan,nan,nan,nan,nan,nan,nan,nan,nan,nan,nan,nan,nan,nan,nan,nan,nan,nan,899781,nan,nan,nan,nan,non-co-housed,non-co-housed,nan,nan,nan,nan,nan,nan,acerutti@imim.es,Andrea Cerutti,Andrea Cerutti,nan,All,nan,16S of mouse gut metagenome,nan,nan,18,nan,nan,nan,nan,nan,AMPLICON,16S,nan,nan,nan,nan,18,nan,nan,nan,18,nan,nan,nan,nan,18,nan,nan,nan,nan,nan,nan,nan,nan,18,nan,nan,nan,nan,nan,nan,WT,WT,nan,nan,IgA_IgG_vaccine_response,nan,Animal,feces,nan,nan,nan,nan,non-co-housed_WT
CG19-19,145.0,0.0,297.0,0.0,57.0,73.0,511.0,136.0,112.0,641.0,9819.0,66.0,964.0,0.0,95.0,0.0,0.0,234.0,0.0,6109.0,0.0,2112.0,0.0,781.0,170.0,9.0,84.0,90.0,0.0,6029.0,10.0,1310.0,81.0,56.0,0.0,0.0,199.0,146.0,70.0,0.0,0.0,167.0,0.0,ACGGTTGT,TGTCGCCGAGAACAAACCC,19,nan,nan,nan,CG19-19,nan,2/22/2015,M,colon,nan,nan,nan,nan,nan,nan,nan,nan,nan,nan,nan,nan,nan,nan,nan,nan,nan,nan,nan,nan,899781,nan,nan,nan,nan,non-co-housed,non-co-housed,nan,nan,nan,nan,nan,nan,acerutti@imim.es,Andrea Cerutti,Andrea Cerutti,nan,All,nan,16S of mouse gut metagenome,nan,nan,19,nan,nan,nan,nan,nan,AMPLICON,16S,nan,nan,nan,nan,19,nan,nan,nan,19,nan,nan,nan,nan,19,nan,nan,nan,nan,nan,nan,nan,nan,19,nan,nan,nan,nan,nan,nan,WT,WT,nan,nan,IgA_IgG_vaccine_response,nan,Animal,feces,nan,nan,nan,nan,non-co-housed_WT
CG20-20,234.0,0.0,165.0,0.0,52.0,98.0,216.0,58.0,161.0,438.0,14987.0,346.0,1163.0,31.0,18.0,0.0,0.0,0.0,0.0,6327.0,54.0,0.0,0.0,459.0,77.0,0.0,25.0,47.0,0.0,4253.0,0.0,557.0,25.0,120.0,0.0,0.0,328.0,0.0,69.0,0.0,0.0,152.0,0.0,GGAGTCAT,TGTGCCCACCTCGGGTATT,20,nan,nan,nan,CG20-20,nan,2/26/2015,M,colon,nan,nan,nan,nan,nan,nan,nan,nan,nan,nan,nan,nan,nan,nan,nan,nan,nan,nan,nan,nan,899773,nan,nan,nan,nan,non-co-housed,non-co-housed,nan,nan,nan,nan,nan,nan,acerutti@imim.es,Andrea Cerutti,Andrea Cerutti,nan,All,nan,16S of mouse gut metagenome,nan,nan,20,nan,nan,nan,nan,nan,AMPLICON,16S,nan,nan,nan,nan,20,nan,nan,nan,20,nan,nan,nan,nan,20,nan,nan,nan,nan,nan,nan,nan,nan,20,nan,nan,nan,nan,nan,nan,WT,WT,nan,nan,IgA_IgG_vaccine_response,nan,Animal,feces,nan,nan,nan,nan,non-co-housed_WT
CG21-21,39.0,0.0,191.0,11.0,0.0,0.0,100.0,48.0,124.0,296.0,11568.0,120.0,950.0,0.0,0.0,0.0,0.0,0.0,0.0,6424.0,0.0,0.0,0.0,447.0,0.0,2.0,31.0,26.0,0.0,3272.0,0.0,545.0,0.0,141.0,0.0,0.0,441.0,0.0,36.0,0.0,0.0,133.0,0.0,TGAACTGA,GCATGTACTGAGCATGACT,21,nan,nan,nan,CG21-21,nan,2/26/2015,M,colon,nan,nan,nan,nan,nan,nan,nan,nan,nan,nan,nan,nan,nan,nan,nan,nan,nan,nan,nan,nan,899773,nan,nan,nan,nan,non-co-housed,non-co-housed,nan,nan,nan,nan,nan,nan,acerutti@imim.es,Andrea Cerutti,Andrea Cerutti,nan,All,nan,16S of mouse gut metagenome,nan,nan,21,nan,nan,nan,nan,nan,AMPLICON,16S,nan,nan,nan,nan,21,nan,nan,nan,21,nan,nan,nan,nan,21,nan,nan,nan,nan,nan,nan,nan,nan,21,nan,nan,nan,nan,nan,nan,WT,WT,nan,nan,IgA_IgG_vaccine_response,nan,Animal,feces,nan,nan,nan,nan,non-co-housed_WT
CG22-22,36.0,0.0,258.0,0.0,0.0,0.0,585.0,93.0,371.0,475.0,9140.0,225.0,964.0,0.0,0.0,0.0,0.0,0.0,0.0,8261.0,0.0,25.0,0.0,275.0,185.0,0.0,83.0,0.0,0.0,2776.0,0.0,445.0,0.0,42.0,0.0,6.0,125.0,0.0,0.0,0.0,0.0,128.0,0.0,CGGTCCCA,CCCGCGATAATGCATATCT,22,nan,nan,nan,CG22-22,nan,3/1/2015,M,colon,nan,nan,nan,nan,nan,nan,nan,nan,nan,nan,nan,nan,nan,nan,nan,nan,nan,nan,nan,nan,899774,nan,nan,nan,nan,non-co-housed,non-co-housed,nan,nan,nan,nan,nan,nan,acerutti@imim.es,Andrea Cerutti,Andrea Cerutti,nan,All,nan,16S of mouse gut metagenome,nan,nan,22,nan,nan,nan,nan,nan,AMPLICON,16S,nan,nan,nan,nan,22,nan,nan,nan,22,nan,nan,nan,nan,22,nan,nan,nan,nan,nan,nan,nan,nan,22,nan,nan,nan,nan,nan,nan,WT,WT,nan,nan,IgA_IgG_vaccine_response,nan,Animal,feces,nan,nan,nan,nan,non-co-housed_WT
CG23-23,22.0,0.0,339.0,0.0,0.0,0.0,411.0,143.0,290.0,615.0,13825.0,253.0,1280.0,0.0,0.0,0.0,0.0,0.0,0.0,9047.0,0.0,45.0,0.0,386.0,43.0,0.0,22.0,0.0,0.0,1825.0,0.0,504.0,0.0,99.0,0.0,0.0,157.0,85.0,47.0,0.0,0.0,77.0,0.0,CCCAAATC,TGACTATTATAGAGGGGTG,23,nan,nan,nan,CG23-23,nan,3/1/2015,M,colon,nan,nan,nan,nan,nan,nan,nan,nan,nan,nan,nan,nan,nan,nan,nan,nan,nan,nan,nan,nan,899774,nan,nan,nan,nan,non-co-housed,non-co-housed,nan,nan,nan,nan,nan,nan,acerutti@imim.es,Andrea Cerutti,Andrea Cerutti,nan,All,nan,16S of mouse gut metagenome,nan,nan,23,nan,nan,nan,nan,nan,AMPLICON,16S,nan,nan,nan,nan,23,nan,nan,nan,23,nan,nan,nan,nan,23,nan,nan,nan,nan,nan,nan,nan,nan,23,nan,nan,nan,nan,nan,nan,WT,WT,nan,nan,IgA_IgG_vaccine_response,nan,Animal,feces,nan,nan,nan,nan,non-co-housed_WT
CG24-24,332.0,0.0,200.0,0.0,0.0,24.0,440.0,21.0,133.0,1104.0,12274.0,129.0,0.0,0.0,38.0,0.0,0.0,0.0,0.0,3062.0,0.0,0.0,0.0,1263.0,78.0,0.0,739.0,21.0,0.0,3946.0,0.0,889.0,0.0,24.0,0.0,11.0,276.0,39.0,0.0,0.0,0.0,31.0,0.0,TGCCGGGT,CGGCTGGTCACATTACGGC,24,nan,nan,nan,CG24-24,nan,4/25/2014,M,colon,nan,nan,nan,nan,nan,nan,nan,nan,nan,nan,nan,nan,nan,nan,nan,nan,nan,nan,nan,nan,814525,nan,nan,nan,nan,non-co-housed,non-co-housed,nan,nan,nan,nan,nan,nan,acerutti@imim.es,Andrea Cerutti,Andrea Cerutti,nan,All,nan,16S of mouse gut metagenome,nan,nan,24,nan,nan,nan,nan,nan,AMPLICON,16S,nan,nan,nan,nan,24,nan,nan,nan,24,nan,nan,nan,nan,24,nan,nan,nan,nan,nan,nan,nan,nan,24,nan,nan,nan,nan,nan,nan,IgAKO,IgAKO,nan,nan,IgA_IgG_vaccine_response,nan,Animal,feces,nan,nan,nan,nan,non-co-housed_IgAKO
CG25-25,0.0,0.0,78.0,3.0,0.0,41.0,551.0,38.0,124.0,527.0,4407.0,163.0,0.0,30.0,0.0,0.0,0.0,0.0,0.0,704.0,0.0,0.0,0.0,1992.0,363.0,0.0,143.0,103.0,0.0,9977.0,31.0,1790.0,69.0,0.0,0.0,11.0,72.0,140.0,0.0,0.0,0.0,32.0,0.0,TTGGGGTG,AGTGGAATGACACGGACCT,25,nan,nan,nan,CG25-25,nan,4/25/2014,M,colon,nan,nan,nan,nan,nan,nan,nan,nan,nan,nan,nan,nan,nan,nan,nan,nan,nan,nan,nan,nan,814525,nan,nan,nan,nan,non-co-housed,non-co-housed,nan,nan,nan,nan,nan,nan,acerutti@imim.es,Andrea Cerutti,Andrea Cerutti,nan,All,nan,16S of mouse gut metagenome,nan,nan,25,nan,nan,nan,nan,nan,AMPLICON,16S,nan,nan,nan,nan,25,nan,nan,nan,25,nan,nan,nan,nan,25,nan,nan,nan,nan,nan,nan,nan,nan,25,nan,nan,nan,nan,nan,nan,IgAKO,IgAKO,nan,nan,IgA_IgG_vaccine_response,nan,Animal,feces,nan,nan,nan,nan,non-co-housed_IgAKO
CG26-26,0.0,0.0,586.0,18.0,0.0,0.0,161.0,29.0,155.0,422.0,8630.0,86.0,0.0,0.0,98.0,0.0,0.0,0.0,0.0,1832.0,0.0,510.0,0.0,1037.0,125.0,17.0,25.0,105.0,0.0,7777.0,24.0,1991.0,58.0,558.0,0.0,0.0,290.0,1286.0,0.0,0.0,0.0,74.0,95.0,ATTTCTAG,AGCCGCTGGCGCGAGATTC,26,nan,nan,nan,CG26-26,nan,4/25/2014,M,colon,nan,nan,nan,nan,nan,nan,nan,nan,nan,nan,nan,nan,nan,nan,nan,nan,nan,nan,nan,nan,814525,nan,nan,nan,nan,non-co-housed,non-co-housed,nan,nan,nan,nan,nan,nan,acerutti@imim.es,Andrea Cerutti,Andrea Cerutti,nan,All,nan,16S of mouse gut metagenome,nan,nan,26,nan,nan,nan,nan,nan,AMPLICON,16S,nan,nan,nan,nan,26,nan,nan,nan,26,nan,nan,nan,nan,26,nan,nan,nan,nan,nan,nan,nan,nan,26,nan,nan,nan,nan,nan,nan,IgAKO,IgAKO,nan,nan,IgA_IgG_vaccine_response,nan,Animal,feces,nan,nan,nan,nan,non-co-housed_IgAKO
CG27-27,42.0,0.0,279.0,5.0,0.0,93.0,735.0,51.0,172.0,584.0,6189.0,414.0,623.0,0.0,208.0,0.0,0.0,0.0,0.0,3913.0,0.0,0.0,0.0,1334.0,103.0,0.0,177.0,150.0,0.0,8599.0,0.0,523.0,65.0,0.0,0.0,0.0,66.0,394.0,0.0,0.0,0.0,82.0,0.0,CACGTTTC,TCTCGCTCTGCCCTCATCA,27,nan,nan,nan,CG27-27,nan,1/17/2015,F,colon,nan,nan,nan,nan,nan,nan,nan,nan,nan,nan,nan,nan,nan,nan,nan,nan,nan,nan,nan,nan,875915,nan,nan,nan,nan,non-co-housed,non-co-housed,nan,nan,nan,nan,nan,nan,acerutti@imim.es,Andrea Cerutti,Andrea Cerutti,nan,All,nan,16S of mouse gut metagenome,nan,nan,27,nan,nan,nan,nan,nan,AMPLICON,16S,nan,nan,nan,nan,27,nan,nan,nan,27,nan,nan,nan,nan,27,nan,nan,nan,nan,nan,nan,nan,nan,27,nan,nan,nan,nan,nan,nan,IgAKO,IgAKO,nan,nan,IgA_IgG_vaccine_response,nan,Animal,feces,nan,nan,nan,nan,non-co-housed_IgAKO
CG28-28,0.0,0.0,387.0,0.0,0.0,47.0,167.0,30.0,85.0,384.0,10253.0,396.0,494.0,3.0,0.0,0.0,0.0,0.0,0.0,7529.0,0.0,0.0,0.0,373.0,96.0,0.0,324.0,31.0,0.0,3581.0,0.0,526.0,0.0,0.0,0.0,0.0,163.0,124.0,36.0,0.0,0.0,93.0,0.0,ATCCTGGT,TTCAGAAGCCTACCTTACG,28,nan,nan,nan,CG28-28,nan,1/17/2015,F,colon,nan,nan,nan,nan,nan,nan,nan,nan,nan,nan,nan,nan,nan,nan,nan,nan,nan,nan,nan,nan,875915,nan,nan,nan,nan,non-co-housed,non-co-housed,nan,nan,nan,nan,nan,nan,acerutti@imim.es,Andrea Cerutti,Andrea Cerutti,nan,All,nan,16S of mouse gut metagenome,nan,nan,28,nan,nan,nan,nan,nan,AMPLICON,16S,nan,nan,nan,nan,28,nan,nan,nan,28,nan,nan,nan,nan,28,nan,nan,nan,nan,nan,nan,nan,nan,28,nan,nan,nan,nan,nan,nan,IgAKO,IgAKO,nan,nan,IgA_IgG_vaccine_response,nan,Animal,feces,nan,nan,nan,nan,non-co-housed_IgAKO
CG29-29,0.0,0.0,443.0,0.0,12.0,26.0,187.0,44.0,86.0,739.0,9779.0,317.0,760.0,0.0,0.0,0.0,0.0,0.0,0.0,6382.0,33.0,0.0,0.0,219.0,58.0,0.0,348.0,44.0,0.0,4059.0,0.0,356.0,0.0,5.0,0.0,0.0,164.0,294.0,0.0,0.0,0.0,115.0,0.0,GGCAACTT,ACAACTTTCAATGACACGG,29,nan,nan,nan,CG29-29,nan,1/17/2015,F,colon,nan,nan,nan,nan,nan,nan,nan,nan,nan,nan,nan,nan,nan,nan,nan,nan,nan,nan,nan,nan,875915,nan,nan,nan,nan,non-co-housed,non-co-housed,nan,nan,nan,nan,nan,nan,acerutti@imim.es,Andrea Cerutti,Andrea Cerutti,nan,All,nan,16S of mouse gut metagenome,nan,nan,29,nan,nan,nan,nan,nan,AMPLICON,16S,nan,nan,nan,nan,29,nan,nan,nan,29,nan,nan,nan,nan,29,nan,nan,nan,nan,nan,nan,nan,nan,29,nan,nan,nan,nan,nan,nan,IgAKO,IgAKO,nan,nan,IgA_IgG_vaccine_response,nan,Animal,feces,nan,nan,nan,nan,non-co-housed_IgAKO
CG30-30,0.0,0.0,327.0,0.0,38.0,57.0,329.0,45.0,242.0,892.0,10358.0,387.0,675.0,31.0,44.0,0.0,0.0,0.0,0.0,5016.0,0.0,0.0,0.0,1171.0,84.0,0.0,349.0,0.0,0.0,7851.0,13.0,1698.0,52.0,0.0,0.0,19.0,216.0,144.0,147.0,0.0,0.0,105.0,0.0,AGTGTACT,TTACTATTCCGTTAATAGC,30,nan,nan,nan,CG30-30,nan,12/13/2014,M,colon,nan,nan,nan,nan,nan,nan,nan,nan,nan,nan,nan,nan,nan,nan,nan,nan,nan,nan,nan,nan,866116,nan,nan,nan,nan,non-co-housed,non-co-housed,nan,nan,nan,nan,nan,nan,acerutti@imim.es,Andrea Cerutti,Andrea Cerutti,nan,All,nan,16S of mouse gut metagenome,nan,nan,30,nan,nan,nan,nan,nan,AMPLICON,16S,nan,nan,nan,nan,30,nan,nan,nan,30,nan,nan,nan,nan,30,nan,nan,nan,nan,nan,nan,nan,nan,30,nan,nan,nan,nan,nan,nan,IgAKO,IgAKO,nan,nan,IgA_IgG_vaccine_response,nan,Animal,feces,nan,nan,nan,nan,non-co-housed_IgAKO
CG31-31,0.0,0.0,404.0,0.0,0.0,27.0,51.0,13.0,65.0,108.0,16844.0,121.0,1116.0,0.0,0.0,0.0,0.0,0.0,0.0,4762.0,0.0,0.0,0.0,305.0,25.0,0.0,430.0,37.0,0.0,4540.0,0.0,671.0,0.0,51.0,0.0,0.0,423.0,143.0,47.0,0.0,0.0,90.0,0.0,CCAAATAG,CCTTCCCTTTCTCATAATC,31,nan,nan,nan,CG31-31,nan,12/13/2014,M,colon,nan,nan,nan,nan,nan,nan,nan,nan,nan,nan,nan,nan,nan,nan,nan,nan,nan,nan,nan,nan,866116,nan,nan,nan,nan,non-co-housed,non-co-housed,nan,nan,nan,nan,nan,nan,acerutti@imim.es,Andrea Cerutti,Andrea Cerutti,nan,All,nan,16S of mouse gut metagenome,nan,nan,31,nan,nan,nan,nan,nan,AMPLICON,16S,nan,nan,nan,nan,31,nan,nan,nan,31,nan,nan,nan,nan,31,nan,nan,nan,nan,nan,nan,nan,nan,31,nan,nan,nan,nan,nan,nan,IgAKO,IgAKO,nan,nan,IgA_IgG_vaccine_response,nan,Animal,feces,nan,nan,nan,nan,non-co-housed_IgAKO
CG32-32,107.0,0.0,420.0,23.0,96.0,99.0,131.0,129.0,127.0,276.0,11418.0,89.0,1291.0,234.0,0.0,0.0,0.0,0.0,0.0,5123.0,0.0,0.0,0.0,331.0,86.0,0.0,376.0,33.0,0.0,4502.0,0.0,991.0,30.0,13.0,0.0,0.0,241.0,124.0,263.0,0.0,0.0,131.0,0.0,ATAGCTAG,GCACGCGCGTGCGCTGTTT,32,nan,nan,nan,CG32-32,nan,12/13/2014,M,colon,nan,nan,nan,nan,nan,nan,nan,nan,nan,nan,nan,nan,nan,nan,nan,nan,nan,nan,nan,nan,866116,nan,nan,nan,nan,non-co-housed,non-co-housed,nan,nan,nan,nan,nan,nan,acerutti@imim.es,Andrea Cerutti,Andrea Cerutti,nan,All,nan,16S of mouse gut metagenome,nan,nan,32,nan,nan,nan,nan,nan,AMPLICON,16S,nan,nan,nan,nan,32,nan,nan,nan,32,nan,nan,nan,nan,32,nan,nan,nan,nan,nan,nan,nan,nan,32,nan,nan,nan,nan,nan,nan,IgAKO,IgAKO,nan,nan,IgA_IgG_vaccine_response,nan,Animal,feces,nan,nan,nan,nan,non-co-housed_IgAKO
CG33-33,0.0,374.0,146.0,0.0,0.0,62.0,110.0,0.0,38.0,439.0,7967.0,65.0,212.0,0.0,0.0,0.0,0.0,0.0,0.0,12143.0,0.0,0.0,0.0,67.0,8.0,0.0,183.0,8.0,0.0,1957.0,0.0,252.0,0.0,0.0,0.0,0.0,137.0,52.0,0.0,0.0,7.0,39.0,0.0,GCCGCTCA,GTACCCCGGAGGTACCCCA,33,nan,nan,nan,CG33-33,nan,2/3/2015,F,colon,nan,nan,nan,nan,nan,nan,nan,nan,nan,nan,nan,nan,nan,nan,nan,nan,nan,nan,nan,nan,866141,nan,nan,nan,nan,non-co-housed,non-co-housed,nan,nan,nan,nan,nan,nan,acerutti@imim.es,Andrea Cerutti,Andrea Cerutti,nan,All,nan,16S of mouse gut metagenome,nan,nan,33,nan,nan,nan,nan,nan,AMPLICON,16S,nan,nan,nan,nan,33,nan,nan,nan,33,nan,nan,nan,nan,33,nan,nan,nan,nan,nan,nan,nan,nan,33,nan,nan,nan,nan,nan,nan,IgAKO,IgAKO,nan,nan,IgA_IgG_vaccine_response,nan,Animal,feces,nan,nan,nan,nan,non-co-housed_IgAKO
