index,k__Bacteria;__;__;__;__;__,k__Bacteria;p__Actinobacteria;c__Actinobacteria;o__Bifidobacteriales;f__Bifidobacteriaceae;g__Bifidobacterium,k__Bacteria;p__Actinobacteria;c__Coriobacteriia;o__Coriobacteriales;f__Coriobacteriaceae;g__,k__Bacteria;p__Actinobacteria;c__Coriobacteriia;o__Coriobacteriales;f__Coriobacteriaceae;g__Adlercreutzia,k__Bacteria;p__Bacteroidetes;__;__;__;__,k__Bacteria;p__Bacteroidetes;c__Bacteroidia;o__Bacteroidales;__;__,k__Bacteria;p__Bacteroidetes;c__Bacteroidia;o__Bacteroidales;f__;g__,k__Bacteria;p__Bacteroidetes;c__Bacteroidia;o__Bacteroidales;f__Bacteroidaceae;g__Bacteroides,k__Bacteria;p__Bacteroidetes;c__Bacteroidia;o__Bacteroidales;f__Porphyromonadaceae;g__Parabacteroides,k__Bacteria;p__Bacteroidetes;c__Bacteroidia;o__Bacteroidales;f__Prevotellaceae;__,k__Bacteria;p__Bacteroidetes;c__Bacteroidia;o__Bacteroidales;f__Prevotellaceae;g__Prevotella,k__Bacteria;p__Bacteroidetes;c__Bacteroidia;o__Bacteroidales;f__Rikenellaceae;__,k__Bacteria;p__Bacteroidetes;c__Bacteroidia;o__Bacteroidales;f__Rikenellaceae;g__,k__Bacteria;p__Bacteroidetes;c__Bacteroidia;o__Bacteroidales;f__Rikenellaceae;g__AF12,k__Bacteria;p__Bacteroidetes;c__Bacteroidia;o__Bacteroidales;f__Rikenellaceae;g__Rikenella,k__Bacteria;p__Bacteroidetes;c__Bacteroidia;o__Bacteroidales;f__S24-7;g__,k__Bacteria;p__Bacteroidetes;c__Bacteroidia;o__Bacteroidales;f__[Odoribacteraceae];g__Odoribacter,k__Bacteria;p__Bacteroidetes;c__Bacteroidia;o__Bacteroidales;f__[Paraprevotellaceae];g__[Prevotella],k__Bacteria;p__Cyanobacteria;c__4C0d-2;o__YS2;f__;g__,k__Bacteria;p__Deferribacteres;c__Deferribacteres;o__Deferribacterales;f__Deferribacteraceae;g__Mucispirillum,k__Bacteria;p__Firmicutes;__;__;__;__,k__Bacteria;p__Firmicutes;c__Bacilli;o__Bacillales;f__Staphylococcaceae;g__Staphylococcus,k__Bacteria;p__Firmicutes;c__Bacilli;o__Gemellales;f__;g__,k__Bacteria;p__Firmicutes;c__Bacilli;o__Lactobacillales;f__Lactobacillaceae;g__Lactobacillus,k__Bacteria;p__Firmicutes;c__Bacilli;o__Lactobacillales;f__Streptococcaceae;g__Streptococcus,k__Bacteria;p__Firmicutes;c__Bacilli;o__Turicibacterales;f__Turicibacteraceae;g__Turicibacter,k__Bacteria;p__Firmicutes;c__Clostridia;o__Clostridiales;__;__,k__Bacteria;p__Firmicutes;c__Clostridia;o__Clostridiales;f__;g__,k__Bacteria;p__Firmicutes;c__Clostridia;o__Clostridiales;f__Christensenellaceae;g__,k__Bacteria;p__Firmicutes;c__Clostridia;o__Clostridiales;f__Clostridiaceae;g__Candidatus Arthromitus,k__Bacteria;p__Firmicutes;c__Clostridia;o__Clostridiales;f__Clostridiaceae;g__Clostridium,k__Bacteria;p__Firmicutes;c__Clostridia;o__Clostridiales;f__Dehalobacteriaceae;g__Dehalobacterium,k__Bacteria;p__Firmicutes;c__Clostridia;o__Clostridiales;f__Lachnospiraceae;__,k__Bacteria;p__Firmicutes;c__Clostridia;o__Clostridiales;f__Lachnospiraceae;g__Blautia,k__Bacteria;p__Firmicutes;c__Clostridia;o__Clostridiales;f__Lachnospiraceae;g__Clostridium,k__Bacteria;p__Firmicutes;c__Clostridia;o__Clostridiales;f__Lachnospiraceae;g__Coprococcus,k__Bacteria;p__Firmicutes;c__Clostridia;o__Clostridiales;f__Lachnospiraceae;g__Lachnospira,k__Bacteria;p__Firmicutes;c__Clostridia;o__Clostridiales;f__Lachnospiraceae;g__Moryella,k__Bacteria;p__Firmicutes;c__Clostridia;o__Clostridiales;f__Lachnospiraceae;g__Roseburia,k__Bacteria;p__Firmicutes;c__Clostridia;o__Clostridiales;f__Lachnospiraceae;g__[Ruminococcus],k__Bacteria;p__Firmicutes;c__Clostridia;o__Clostridiales;f__Peptococcaceae;g__,k__Bacteria;p__Firmicutes;c__Clostridia;o__Clostridiales;f__Ruminococcaceae;__,k__Bacteria;p__Firmicutes;c__Clostridia;o__Clostridiales;f__Ruminococcaceae;g__,k__Bacteria;p__Firmicutes;c__Clostridia;o__Clostridiales;f__Ruminococcaceae;g__Anaerotruncus,k__Bacteria;p__Firmicutes;c__Clostridia;o__Clostridiales;f__Ruminococcaceae;g__Oscillospira,k__Bacteria;p__Firmicutes;c__Clostridia;o__Clostridiales;f__Ruminococcaceae;g__Ruminococcus,k__Bacteria;p__Firmicutes;c__Clostridia;o__Clostridiales;f__[Mogibacteriaceae];g__,k__Bacteria;p__Firmicutes;c__Erysipelotrichi;o__Erysipelotrichales;f__Erysipelotrichaceae;__,k__Bacteria;p__Firmicutes;c__Erysipelotrichi;o__Erysipelotrichales;f__Erysipelotrichaceae;g__Allobaculum,k__Bacteria;p__Firmicutes;c__Erysipelotrichi;o__Erysipelotrichales;f__Erysipelotrichaceae;g__Coprobacillus,k__Bacteria;p__Firmicutes;c__Erysipelotrichi;o__Erysipelotrichales;f__Erysipelotrichaceae;g__cc_115,k__Bacteria;p__Proteobacteria;c__Alphaproteobacteria;o__RF32;f__;g__,k__Bacteria;p__Proteobacteria;c__Betaproteobacteria;o__Burkholderiales;f__Alcaligenaceae;g__Sutterella,k__Bacteria;p__Proteobacteria;c__Deltaproteobacteria;o__Desulfovibrionales;f__Desulfovibrionaceae;__,k__Bacteria;p__Proteobacteria;c__Deltaproteobacteria;o__Desulfovibrionales;f__Desulfovibrionaceae;g__,k__Bacteria;p__Proteobacteria;c__Deltaproteobacteria;o__Desulfovibrionales;f__Desulfovibrionaceae;g__Bilophila,k__Bacteria;p__Proteobacteria;c__Deltaproteobacteria;o__Desulfovibrionales;f__Desulfovibrionaceae;g__Desulfovibrio,k__Bacteria;p__Proteobacteria;c__Epsilonproteobacteria;o__Campylobacterales;f__Helicobacteraceae;g__Helicobacter,k__Bacteria;p__TM7;c__TM7-3;o__CW040;f__F16;g__,k__Bacteria;p__Verrucomicrobia;c__Verrucomicrobiae;o__Verrucomicrobiales;f__Verrucomicrobiaceae;g__Akkermansia,BarcodeSequence,LinkerPrimerSequence,Together,AliquotID,AliquotWeight,AliquotWeightUnit,AnimalSubjectID,AnimalWeight,BirthDate,Sex,SpecimenBodySite,UberonCodeBodySite,Company,ProductCode,ProductName,ChowEndDate,ChowStartDate,Biome,CollectionSiteName,CollectionSiteTechnician,Depth,Elevation,Environment,Feature,Latitude,Longitude,Material,ExperimentName,FacilityLocation,FacilityName,NumberOfCageCompanions,TankID,TankMaterial,TankShape,TypeOfBedding,TypeOfFacility,TypeOfHousing,Housing,HousingEndDate,HousingStartDate,BreedingProgram,EnvironmentalEnrichment,LightDarkCycle,Temperature,ContactEmail,ContactName,PrimaryInvestigator,ExampleMetaData,Separate,DaysSinceExperimentStart,RawDataNotes,RawDataDatePerformed,RawDataProcessor,RawDataProtocolID,FinishingStrategyCoverage,FinishingStrategyStatus,NumberOfContigs,Primer,RawDataConditions,SequencingMethod,TargetGene,ResultID,ResultsLocation,ResultsDatePerformed,ResultsProcessor,ResultsProtocolID,ResultsMethod,ResultsTool,ResultsToolVersion,MmedsSampleID,SampleWeight,SampleWeightUnit,SampleDatePerformed,SampleProcessor,SampleProtocolID,SampleProtocolNotes,SampleConditions,SampleTool,SampleToolVersion,SpeciesName,SpecimenCollectionDate,SpecimenCollectionMethod,SpecimenCollectionTime,SpecimenID,SpecimenNotes,SpecimenWeight,SpecimenWeightUnit,StorageFreezer,StorageInstitution,StrainID,StrainName,Strain,StrainProducer,RelevantLinks,StudyName,StudyType,SubjectType,SpecimenType,UberonCodeType,VendorLocation,VendorName,VendorStrainInfo,HousingStrainSubgroup
CG67-67,7.0,0.0,0.0,49.0,15.0,37.0,92.0,883.0,108.0,278.0,218.0,197.0,775.0,42.0,0.0,3283.0,332.0,181.0,57.0,544.0,0.0,0.0,0.0,1012.0,0.0,0.0,1520.0,46.0,0.0,81.0,0.0,165.0,14967.0,0.0,0.0,0.0,0.0,0.0,608.0,316.0,9.0,430.0,0.0,210.0,1211.0,97.0,86.0,5.0,0.0,0.0,0.0,0.0,39.0,116.0,74.0,0.0,374.0,95.0,161.0,0.0,TGAGAAAG,AACGCTATAACCGACCGCG,67,nan,nan,nan,CG67-67,nan,4/20/2014,M,cecum,nan,nan,nan,nan,nan,nan,nan,nan,nan,nan,nan,nan,nan,nan,nan,nan,nan,nan,nan,nan,814502,nan,nan,nan,nan,Littermate,Littermate,nan,nan,nan,nan,nan,nan,acerutti@imim.es,Andrea Cerutti,Andrea Cerutti,nan,All,nan,16S of mouse gut metagenome,nan,nan,67,nan,nan,nan,nan,nan,AMPLICON,16S,nan,nan,nan,nan,67,nan,nan,nan,67,nan,nan,nan,nan,67,nan,nan,nan,nan,nan,nan,nan,nan,67,nan,nan,nan,nan,nan,nan,WT,WT,nan,nan,IgA_IgG_vaccine_response,nan,Animal,feces,nan,nan,nan,nan,Littermate_WT
CG68-68,66.0,39.0,0.0,190.0,16.0,47.0,50.0,336.0,45.0,143.0,201.0,0.0,807.0,40.0,0.0,7644.0,444.0,698.0,24.0,0.0,0.0,0.0,0.0,3803.0,15.0,0.0,1402.0,95.0,10.0,58.0,0.0,92.0,6669.0,0.0,0.0,0.0,0.0,0.0,413.0,340.0,12.0,75.0,91.0,91.0,1310.0,378.0,0.0,0.0,0.0,0.0,18.0,0.0,89.0,54.0,0.0,0.0,204.0,34.0,180.0,0.0,TTGGTAGT,TTTGACGTTCTGGGTAGCT,68,nan,nan,nan,CG68-68,nan,4/20/2014,M,cecum,nan,nan,nan,nan,nan,nan,nan,nan,nan,nan,nan,nan,nan,nan,nan,nan,nan,nan,nan,nan,814502,nan,nan,nan,nan,Littermate,Littermate,nan,nan,nan,nan,nan,nan,acerutti@imim.es,Andrea Cerutti,Andrea Cerutti,nan,All,nan,16S of mouse gut metagenome,nan,nan,68,nan,nan,nan,nan,nan,AMPLICON,16S,nan,nan,nan,nan,68,nan,nan,nan,68,nan,nan,nan,nan,68,nan,nan,nan,nan,nan,nan,nan,nan,68,nan,nan,nan,nan,nan,nan,WT,WT,nan,nan,IgA_IgG_vaccine_response,nan,Animal,feces,nan,nan,nan,nan,Littermate_WT
CG69-69,74.0,0.0,71.0,22.0,0.0,0.0,0.0,50.0,0.0,0.0,57.0,41.0,1275.0,43.0,0.0,2905.0,555.0,241.0,26.0,17.0,0.0,0.0,0.0,1122.0,0.0,2.0,4674.0,105.0,0.0,31.0,0.0,135.0,9517.0,34.0,4.0,0.0,282.0,0.0,194.0,384.0,17.0,337.0,0.0,274.0,1487.0,289.0,65.0,0.0,0.0,0.0,0.0,0.0,75.0,63.0,0.0,0.0,339.0,101.0,166.0,0.0,CTTGAAAA,ATTCTACTCATGATGTGGT,69,nan,nan,nan,CG69-69,nan,5/3/2014,F,cecum,nan,nan,nan,nan,nan,nan,nan,nan,nan,nan,nan,nan,nan,nan,nan,nan,nan,nan,nan,nan,814506,nan,nan,nan,nan,Littermate,Littermate,nan,nan,nan,nan,nan,nan,acerutti@imim.es,Andrea Cerutti,Andrea Cerutti,nan,All,nan,16S of mouse gut metagenome,nan,nan,69,nan,nan,nan,nan,nan,AMPLICON,16S,nan,nan,nan,nan,69,nan,nan,nan,69,nan,nan,nan,nan,69,nan,nan,nan,nan,nan,nan,nan,nan,69,nan,nan,nan,nan,nan,nan,WT,WT,nan,nan,IgA_IgG_vaccine_response,nan,Animal,feces,nan,nan,nan,nan,Littermate_WT
CG70-70,257.0,0.0,0.0,112.0,18.0,0.0,59.0,447.0,163.0,0.0,94.0,0.0,925.0,51.0,40.0,4717.0,456.0,750.0,78.0,0.0,0.0,0.0,0.0,1076.0,0.0,0.0,4306.0,156.0,0.0,107.0,0.0,150.0,8869.0,37.0,0.0,270.0,0.0,0.0,773.0,475.0,24.0,288.0,0.0,166.0,1965.0,424.0,58.0,0.0,0.0,0.0,0.0,0.0,88.0,0.0,0.0,134.0,372.0,210.0,139.0,0.0,GGCTTAGT,CTGCCGGAACGAATGGATG,70,nan,nan,nan,CG70-70,nan,4/7/2014,M,cecum,nan,nan,nan,nan,nan,nan,nan,nan,nan,nan,nan,nan,nan,nan,nan,nan,nan,nan,nan,nan,814618,nan,nan,nan,nan,Littermate,Littermate,nan,nan,nan,nan,nan,nan,acerutti@imim.es,Andrea Cerutti,Andrea Cerutti,nan,All,nan,16S of mouse gut metagenome,nan,nan,70,nan,nan,nan,nan,nan,AMPLICON,16S,nan,nan,nan,nan,70,nan,nan,nan,70,nan,nan,nan,nan,70,nan,nan,nan,nan,nan,nan,nan,nan,70,nan,nan,nan,nan,nan,nan,WT,WT,nan,nan,IgA_IgG_vaccine_response,nan,Animal,feces,nan,nan,nan,nan,Littermate_WT
CG71-71,112.0,0.0,0.0,48.0,0.0,0.0,45.0,70.0,37.0,0.0,48.0,511.0,321.0,0.0,0.0,4737.0,253.0,0.0,32.0,160.0,0.0,0.0,0.0,906.0,0.0,0.0,3244.0,110.0,0.0,0.0,9.0,78.0,10219.0,0.0,0.0,339.0,220.0,0.0,448.0,284.0,0.0,251.0,45.0,61.0,1257.0,199.0,67.0,0.0,0.0,0.0,0.0,0.0,68.0,0.0,14.0,63.0,227.0,106.0,108.0,0.0,GTGCCCAT,AGTAAGCCCTACACCCTCC,71,nan,nan,nan,CG71-71,nan,5/11/2014,M,cecum,nan,nan,nan,nan,nan,nan,nan,nan,nan,nan,nan,nan,nan,nan,nan,nan,nan,nan,nan,nan,814523,nan,nan,nan,nan,Littermate,Littermate,nan,nan,nan,nan,nan,nan,acerutti@imim.es,Andrea Cerutti,Andrea Cerutti,nan,All,nan,16S of mouse gut metagenome,nan,nan,71,nan,nan,nan,nan,nan,AMPLICON,16S,nan,nan,nan,nan,71,nan,nan,nan,71,nan,nan,nan,nan,71,nan,nan,nan,nan,nan,nan,nan,nan,71,nan,nan,nan,nan,nan,nan,WT,WT,nan,nan,IgA_IgG_vaccine_response,nan,Animal,feces,nan,nan,nan,nan,Littermate_WT
CG72-72,114.0,0.0,0.0,34.0,0.0,28.0,148.0,202.0,56.0,0.0,0.0,0.0,662.0,19.0,0.0,4302.0,655.0,235.0,0.0,397.0,0.0,0.0,0.0,766.0,0.0,0.0,4067.0,66.0,0.0,190.0,0.0,64.0,8581.0,0.0,153.0,0.0,26.0,0.0,602.0,231.0,14.0,92.0,31.0,501.0,923.0,357.0,55.0,0.0,0.0,0.0,0.0,0.0,68.0,0.0,0.0,86.0,148.0,128.0,84.0,0.0,CATCTTTG,GTCATCATTGATCGAACGT,72,nan,nan,nan,CG72-72,nan,5/11/2014,M,cecum,nan,nan,nan,nan,nan,nan,nan,nan,nan,nan,nan,nan,nan,nan,nan,nan,nan,nan,nan,nan,814523,nan,nan,nan,nan,Littermate,Littermate,nan,nan,nan,nan,nan,nan,acerutti@imim.es,Andrea Cerutti,Andrea Cerutti,nan,All,nan,16S of mouse gut metagenome,nan,nan,72,nan,nan,nan,nan,nan,AMPLICON,16S,nan,nan,nan,nan,72,nan,nan,nan,72,nan,nan,nan,nan,72,nan,nan,nan,nan,nan,nan,nan,nan,72,nan,nan,nan,nan,nan,nan,WT,WT,nan,nan,IgA_IgG_vaccine_response,nan,Animal,feces,nan,nan,nan,nan,Littermate_WT
CG73-73,18.0,0.0,0.0,78.0,0.0,53.0,67.0,667.0,90.0,222.0,194.0,849.0,435.0,50.0,0.0,5629.0,426.0,873.0,31.0,514.0,0.0,0.0,0.0,2619.0,8.0,0.0,2504.0,136.0,28.0,241.0,0.0,167.0,14343.0,69.0,0.0,0.0,57.0,125.0,422.0,424.0,0.0,542.0,0.0,368.0,1434.0,395.0,70.0,14.0,0.0,0.0,0.0,4.0,37.0,82.0,277.0,0.0,159.0,180.0,121.0,0.0,AAAGTGAC,GACGGGATCAGCTATCGGC,73,nan,nan,nan,CG73-73,nan,4/20/2014,M,cecum,nan,nan,nan,nan,nan,nan,nan,nan,nan,nan,nan,nan,nan,nan,nan,nan,nan,nan,nan,nan,814502,nan,nan,nan,nan,Littermate,Littermate,nan,nan,nan,nan,nan,nan,acerutti@imim.es,Andrea Cerutti,Andrea Cerutti,nan,All,nan,16S of mouse gut metagenome,nan,nan,73,nan,nan,nan,nan,nan,AMPLICON,16S,nan,nan,nan,nan,73,nan,nan,nan,73,nan,nan,nan,nan,73,nan,nan,nan,nan,nan,nan,nan,nan,73,nan,nan,nan,nan,nan,nan,IgAKO,IgAKO,nan,nan,IgA_IgG_vaccine_response,nan,Animal,feces,nan,nan,nan,nan,Littermate_IgAKO
CG74-74,10.0,0.0,0.0,68.0,33.0,99.0,168.0,508.0,218.0,278.0,143.0,559.0,1306.0,43.0,0.0,5990.0,663.0,670.0,62.0,195.0,0.0,0.0,0.0,2162.0,0.0,0.0,2800.0,210.0,0.0,409.0,18.0,165.0,10681.0,0.0,287.0,0.0,0.0,0.0,861.0,540.0,33.0,350.0,83.0,245.0,1577.0,843.0,153.0,0.0,0.0,0.0,0.0,24.0,49.0,110.0,0.0,0.0,524.0,278.0,253.0,0.0,CGAATATA,CCAAGAGAGATCGCCTTAG,74,nan,nan,nan,CG74-74,nan,4/20/2014,M,cecum,nan,nan,nan,nan,nan,nan,nan,nan,nan,nan,nan,nan,nan,nan,nan,nan,nan,nan,nan,nan,814502,nan,nan,nan,nan,Littermate,Littermate,nan,nan,nan,nan,nan,nan,acerutti@imim.es,Andrea Cerutti,Andrea Cerutti,nan,All,nan,16S of mouse gut metagenome,nan,nan,74,nan,nan,nan,nan,nan,AMPLICON,16S,nan,nan,nan,nan,74,nan,nan,nan,74,nan,nan,nan,nan,74,nan,nan,nan,nan,nan,nan,nan,nan,74,nan,nan,nan,nan,nan,nan,IgAKO,IgAKO,nan,nan,IgA_IgG_vaccine_response,nan,Animal,feces,nan,nan,nan,nan,Littermate_IgAKO
CG75-75,0.0,44.0,62.0,235.0,0.0,0.0,0.0,281.0,39.0,0.0,46.0,0.0,501.0,49.0,33.0,6011.0,177.0,190.0,10.0,0.0,0.0,0.0,0.0,7150.0,0.0,384.0,1967.0,159.0,0.0,182.0,48.0,106.0,11543.0,212.0,150.0,0.0,439.0,0.0,0.0,937.0,0.0,17.0,0.0,175.0,332.0,76.0,114.0,0.0,34.0,0.0,0.0,0.0,63.0,78.0,163.0,0.0,692.0,0.0,140.0,0.0,TCCTATAT,GTATACCCTTAGATATACT,75,nan,nan,nan,CG75-75,nan,5/3/2014,F,cecum,nan,nan,nan,nan,nan,nan,nan,nan,nan,nan,nan,nan,nan,nan,nan,nan,nan,nan,nan,nan,814506,nan,nan,nan,nan,Littermate,Littermate,nan,nan,nan,nan,nan,nan,acerutti@imim.es,Andrea Cerutti,Andrea Cerutti,nan,All,nan,16S of mouse gut metagenome,nan,nan,75,nan,nan,nan,nan,nan,AMPLICON,16S,nan,nan,nan,nan,75,nan,nan,nan,75,nan,nan,nan,nan,75,nan,nan,nan,nan,nan,nan,nan,nan,75,nan,nan,nan,nan,nan,nan,IgAKO,IgAKO,nan,nan,IgA_IgG_vaccine_response,nan,Animal,feces,nan,nan,nan,nan,Littermate_IgAKO
CG76-76,0.0,0.0,0.0,215.0,36.0,45.0,0.0,501.0,237.0,0.0,197.0,0.0,1007.0,69.0,0.0,9047.0,436.0,947.0,81.0,375.0,0.0,0.0,0.0,1699.0,0.0,0.0,2747.0,120.0,0.0,154.0,0.0,175.0,10475.0,0.0,261.0,0.0,0.0,0.0,115.0,625.0,11.0,382.0,0.0,113.0,1740.0,159.0,87.0,0.0,0.0,0.0,0.0,0.0,147.0,45.0,327.0,134.0,687.0,109.0,173.0,0.0,GGGTCCGC,GTCAGCACGTCAGGGCATT,76,nan,nan,nan,CG76-76,nan,4/7/2014,M,cecum,nan,nan,nan,nan,nan,nan,nan,nan,nan,nan,nan,nan,nan,nan,nan,nan,nan,nan,nan,nan,814618,nan,nan,nan,nan,Littermate,Littermate,nan,nan,nan,nan,nan,nan,acerutti@imim.es,Andrea Cerutti,Andrea Cerutti,nan,All,nan,16S of mouse gut metagenome,nan,nan,76,nan,nan,nan,nan,nan,AMPLICON,16S,nan,nan,nan,nan,76,nan,nan,nan,76,nan,nan,nan,nan,76,nan,nan,nan,nan,nan,nan,nan,nan,76,nan,nan,nan,nan,nan,nan,IgAKO,IgAKO,nan,nan,IgA_IgG_vaccine_response,nan,Animal,feces,nan,nan,nan,nan,Littermate_IgAKO
CG77-77,0.0,0.0,0.0,81.0,0.0,57.0,0.0,166.0,40.0,0.0,117.0,149.0,954.0,0.0,30.0,7102.0,675.0,208.0,26.0,407.0,0.0,0.0,42.0,649.0,0.0,0.0,2731.0,68.0,0.0,183.0,22.0,112.0,13345.0,8.0,0.0,0.0,0.0,0.0,0.0,433.0,0.0,116.0,40.0,237.0,522.0,224.0,55.0,0.0,0.0,0.0,36.0,0.0,130.0,0.0,43.0,105.0,242.0,44.0,78.0,0.0,CCTCAACT,CTATAAGTTTGAAAGCCCG,77,nan,nan,nan,CG77-77,nan,5/11/2014,M,cecum,nan,nan,nan,nan,nan,nan,nan,nan,nan,nan,nan,nan,nan,nan,nan,nan,nan,nan,nan,nan,814523,nan,nan,nan,nan,Littermate,Littermate,nan,nan,nan,nan,nan,nan,acerutti@imim.es,Andrea Cerutti,Andrea Cerutti,nan,All,nan,16S of mouse gut metagenome,nan,nan,77,nan,nan,nan,nan,nan,AMPLICON,16S,nan,nan,nan,nan,77,nan,nan,nan,77,nan,nan,nan,nan,77,nan,nan,nan,nan,nan,nan,nan,nan,77,nan,nan,nan,nan,nan,nan,IgAKO,IgAKO,nan,nan,IgA_IgG_vaccine_response,nan,Animal,feces,nan,nan,nan,nan,Littermate_IgAKO
CG78-78,77.0,87.0,104.0,124.0,0.0,0.0,5.0,170.0,145.0,0.0,182.0,253.0,876.0,0.0,53.0,8451.0,220.0,488.0,64.0,265.0,0.0,0.0,0.0,1963.0,0.0,0.0,2554.0,183.0,0.0,213.0,0.0,176.0,10947.0,76.0,96.0,0.0,165.0,0.0,447.0,568.0,20.0,569.0,69.0,125.0,1587.0,620.0,84.0,5.0,0.0,0.0,0.0,0.0,183.0,86.0,0.0,0.0,477.0,126.0,67.0,0.0,AGTACGAG,CGTTCGACAACTGAAAAGC,78,nan,nan,nan,CG78-78,nan,5/11/2014,M,cecum,nan,nan,nan,nan,nan,nan,nan,nan,nan,nan,nan,nan,nan,nan,nan,nan,nan,nan,nan,nan,814523,nan,nan,nan,nan,Littermate,Littermate,nan,nan,nan,nan,nan,nan,acerutti@imim.es,Andrea Cerutti,Andrea Cerutti,nan,All,nan,16S of mouse gut metagenome,nan,nan,78,nan,nan,nan,nan,nan,AMPLICON,16S,nan,nan,nan,nan,78,nan,nan,nan,78,nan,nan,nan,nan,78,nan,nan,nan,nan,nan,nan,nan,nan,78,nan,nan,nan,nan,nan,nan,IgAKO,IgAKO,nan,nan,IgA_IgG_vaccine_response,nan,Animal,feces,nan,nan,nan,nan,Littermate_IgAKO
CG79-79,56.0,0.0,36.0,162.0,34.0,44.0,0.0,585.0,54.0,0.0,186.0,0.0,138.0,27.0,0.0,8021.0,290.0,1962.0,103.0,95.0,0.0,0.0,0.0,2257.0,0.0,0.0,3016.0,251.0,7.0,271.0,0.0,266.0,8058.0,111.0,0.0,0.0,0.0,0.0,209.0,576.0,38.0,356.0,0.0,337.0,2012.0,1036.0,79.0,0.0,6.0,0.0,0.0,0.0,142.0,34.0,137.0,95.0,711.0,331.0,98.0,0.0,AACTTGAG,ATACGCGTATAAAGATCTA,79,nan,nan,nan,CG79-79,nan,4/7/2014,M,cecum,nan,nan,nan,nan,nan,nan,nan,nan,nan,nan,nan,nan,nan,nan,nan,nan,nan,nan,nan,nan,814618,nan,nan,nan,nan,Littermate,Littermate,nan,nan,nan,nan,nan,nan,acerutti@imim.es,Andrea Cerutti,Andrea Cerutti,nan,All,nan,16S of mouse gut metagenome,nan,nan,79,nan,nan,nan,nan,nan,AMPLICON,16S,nan,nan,nan,nan,79,nan,nan,nan,79,nan,nan,nan,nan,79,nan,nan,nan,nan,nan,nan,nan,nan,79,nan,nan,nan,nan,nan,nan,IgAKO,IgAKO,nan,nan,IgA_IgG_vaccine_response,nan,Animal,feces,nan,nan,nan,nan,Littermate_IgAKO
CG80-80,332.0,0.0,0.0,69.0,0.0,46.0,61.0,365.0,77.0,0.0,164.0,180.0,322.0,16.0,0.0,5464.0,376.0,335.0,69.0,112.0,0.0,0.0,0.0,1406.0,0.0,0.0,1711.0,0.0,0.0,47.0,0.0,133.0,8874.0,51.0,389.0,461.0,281.0,0.0,165.0,309.0,0.0,463.0,0.0,103.0,1013.0,408.0,60.0,0.0,0.0,0.0,0.0,7.0,70.0,0.0,0.0,81.0,319.0,73.0,106.0,0.0,CCCGCGGT,CATTTTTTCCACAGCGAGA,80,nan,nan,nan,CG80-80,nan,6/7/2014,F,cecum,nan,nan,nan,nan,nan,nan,nan,nan,nan,nan,nan,nan,nan,nan,nan,nan,nan,nan,nan,nan,828814,nan,nan,nan,nan,non-co-housed,non-co-housed,nan,nan,nan,nan,nan,nan,acerutti@imim.es,Andrea Cerutti,Andrea Cerutti,nan,All,nan,16S of mouse gut metagenome,nan,nan,80,nan,nan,nan,nan,nan,AMPLICON,16S,nan,nan,nan,nan,80,nan,nan,nan,80,nan,nan,nan,nan,80,nan,nan,nan,nan,nan,nan,nan,nan,80,nan,nan,nan,nan,nan,nan,WT,WT,nan,nan,IgA_IgG_vaccine_response,nan,Animal,feces,nan,nan,nan,nan,non-co-housed_WT
CG81-81,219.0,0.0,0.0,56.0,0.0,38.0,32.0,318.0,18.0,0.0,225.0,446.0,862.0,22.0,29.0,3492.0,587.0,532.0,25.0,162.0,0.0,0.0,0.0,1260.0,0.0,0.0,1900.0,247.0,0.0,75.0,25.0,213.0,11446.0,62.0,95.0,621.0,297.0,0.0,241.0,507.0,11.0,530.0,68.0,140.0,1867.0,529.0,101.0,0.0,0.0,0.0,0.0,0.0,42.0,84.0,0.0,0.0,226.0,122.0,98.0,0.0,GCAAAGCG,CCAAACACAGGGAGGAGGT,81,nan,nan,nan,CG81-81,nan,6/7/2014,F,cecum,nan,nan,nan,nan,nan,nan,nan,nan,nan,nan,nan,nan,nan,nan,nan,nan,nan,nan,nan,nan,828814,nan,nan,nan,nan,non-co-housed,non-co-housed,nan,nan,nan,nan,nan,nan,acerutti@imim.es,Andrea Cerutti,Andrea Cerutti,nan,All,nan,16S of mouse gut metagenome,nan,nan,81,nan,nan,nan,nan,nan,AMPLICON,16S,nan,nan,nan,nan,81,nan,nan,nan,81,nan,nan,nan,nan,81,nan,nan,nan,nan,nan,nan,nan,nan,81,nan,nan,nan,nan,nan,nan,WT,WT,nan,nan,IgA_IgG_vaccine_response,nan,Animal,feces,nan,nan,nan,nan,non-co-housed_WT
CG82-82,0.0,0.0,0.0,67.0,12.0,0.0,29.0,345.0,114.0,0.0,103.0,0.0,270.0,10.0,0.0,5845.0,359.0,320.0,66.0,83.0,0.0,0.0,0.0,1906.0,0.0,0.0,1780.0,0.0,0.0,83.0,0.0,77.0,8833.0,0.0,184.0,397.0,0.0,0.0,266.0,365.0,0.0,319.0,0.0,63.0,1036.0,226.0,47.0,0.0,0.0,0.0,21.0,0.0,80.0,34.0,114.0,0.0,753.0,89.0,47.0,0.0,CGACGAGG,TGATTAGCATTACTTTATT,82,nan,nan,nan,CG82-82,nan,6/7/2014,F,cecum,nan,nan,nan,nan,nan,nan,nan,nan,nan,nan,nan,nan,nan,nan,nan,nan,nan,nan,nan,nan,828814,nan,nan,nan,nan,non-co-housed,non-co-housed,nan,nan,nan,nan,nan,nan,acerutti@imim.es,Andrea Cerutti,Andrea Cerutti,nan,All,nan,16S of mouse gut metagenome,nan,nan,82,nan,nan,nan,nan,nan,AMPLICON,16S,nan,nan,nan,nan,82,nan,nan,nan,82,nan,nan,nan,nan,82,nan,nan,nan,nan,nan,nan,nan,nan,82,nan,nan,nan,nan,nan,nan,WT,WT,nan,nan,IgA_IgG_vaccine_response,nan,Animal,feces,nan,nan,nan,nan,non-co-housed_WT
CG83-83,31.0,0.0,5.0,196.0,24.0,0.0,0.0,98.0,62.0,0.0,32.0,0.0,132.0,31.0,54.0,7302.0,55.0,464.0,0.0,43.0,0.0,50.0,0.0,2006.0,0.0,613.0,1391.0,115.0,0.0,0.0,392.0,152.0,8525.0,202.0,640.0,0.0,105.0,0.0,359.0,593.0,19.0,220.0,20.0,84.0,816.0,692.0,73.0,0.0,43.0,0.0,0.0,0.0,234.0,0.0,215.0,0.0,495.0,26.0,140.0,0.0,AACTCTTG,GTGACGGTGCACTTGTGAT,83,nan,nan,nan,CG83-83,nan,2/22/2015,M,cecum,nan,nan,nan,nan,nan,nan,nan,nan,nan,nan,nan,nan,nan,nan,nan,nan,nan,nan,nan,nan,899781,nan,nan,nan,nan,non-co-housed,non-co-housed,nan,nan,nan,nan,nan,nan,acerutti@imim.es,Andrea Cerutti,Andrea Cerutti,nan,All,nan,16S of mouse gut metagenome,nan,nan,83,nan,nan,nan,nan,nan,AMPLICON,16S,nan,nan,nan,nan,83,nan,nan,nan,83,nan,nan,nan,nan,83,nan,nan,nan,nan,nan,nan,nan,nan,83,nan,nan,nan,nan,nan,nan,WT,WT,nan,nan,IgA_IgG_vaccine_response,nan,Animal,feces,nan,nan,nan,nan,non-co-housed_WT
CG84-84,19.0,0.0,17.0,113.0,0.0,0.0,57.0,313.0,161.0,0.0,25.0,0.0,319.0,54.0,0.0,5598.0,75.0,609.0,30.0,27.0,0.0,84.0,0.0,1065.0,0.0,1321.0,1781.0,239.0,0.0,22.0,351.0,128.0,6829.0,278.0,217.0,0.0,0.0,0.0,376.0,425.0,0.0,162.0,0.0,274.0,822.0,462.0,86.0,0.0,0.0,0.0,0.0,0.0,163.0,0.0,67.0,42.0,664.0,133.0,235.0,0.0,AGGCTCCG,GCCTTGTGGCGCAGCACGG,84,nan,nan,nan,CG84-84,nan,2/22/2015,M,cecum,nan,nan,nan,nan,nan,nan,nan,nan,nan,nan,nan,nan,nan,nan,nan,nan,nan,nan,nan,nan,899781,nan,nan,nan,nan,non-co-housed,non-co-housed,nan,nan,nan,nan,nan,nan,acerutti@imim.es,Andrea Cerutti,Andrea Cerutti,nan,All,nan,16S of mouse gut metagenome,nan,nan,84,nan,nan,nan,nan,nan,AMPLICON,16S,nan,nan,nan,nan,84,nan,nan,nan,84,nan,nan,nan,nan,84,nan,nan,nan,nan,nan,nan,nan,nan,84,nan,nan,nan,nan,nan,nan,WT,WT,nan,nan,IgA_IgG_vaccine_response,nan,Animal,feces,nan,nan,nan,nan,non-co-housed_WT
CG85-85,0.0,0.0,0.0,245.0,0.0,0.0,0.0,155.0,69.0,0.0,15.0,0.0,318.0,47.0,0.0,4966.0,23.0,287.0,0.0,0.0,0.0,56.0,0.0,4510.0,0.0,975.0,937.0,128.0,0.0,32.0,277.0,161.0,5368.0,490.0,398.0,0.0,0.0,0.0,336.0,700.0,0.0,91.0,0.0,0.0,496.0,244.0,80.0,0.0,15.0,0.0,0.0,0.0,59.0,0.0,25.0,0.0,789.0,37.0,134.0,0.0,GCGGCGCG,AAATATCCGTGACTCCGTC,85,nan,nan,nan,CG85-85,nan,2/22/2015,M,cecum,nan,nan,nan,nan,nan,nan,nan,nan,nan,nan,nan,nan,nan,nan,nan,nan,nan,nan,nan,nan,899781,nan,nan,nan,nan,non-co-housed,non-co-housed,nan,nan,nan,nan,nan,nan,acerutti@imim.es,Andrea Cerutti,Andrea Cerutti,nan,All,nan,16S of mouse gut metagenome,nan,nan,85,nan,nan,nan,nan,nan,AMPLICON,16S,nan,nan,nan,nan,85,nan,nan,nan,85,nan,nan,nan,nan,85,nan,nan,nan,nan,nan,nan,nan,nan,85,nan,nan,nan,nan,nan,nan,WT,WT,nan,nan,IgA_IgG_vaccine_response,nan,Animal,feces,nan,nan,nan,nan,non-co-housed_WT
CG86-86,36.0,0.0,0.0,72.0,0.0,21.0,28.0,136.0,67.0,0.0,39.0,0.0,100.0,0.0,0.0,5499.0,453.0,279.0,0.0,34.0,0.0,0.0,23.0,980.0,0.0,0.0,2422.0,47.0,0.0,0.0,0.0,151.0,9976.0,0.0,306.0,638.0,329.0,0.0,1138.0,234.0,0.0,226.0,0.0,340.0,1210.0,308.0,67.0,0.0,0.0,0.0,0.0,0.0,162.0,48.0,77.0,0.0,253.0,76.0,125.0,0.0,TATTCGTT,AGGCACTCCGTGATCAACT,86,nan,nan,nan,CG86-86,nan,2/26/2015,M,cecum,nan,nan,nan,nan,nan,nan,nan,nan,nan,nan,nan,nan,nan,nan,nan,nan,nan,nan,nan,nan,899773,nan,nan,nan,nan,non-co-housed,non-co-housed,nan,nan,nan,nan,nan,nan,acerutti@imim.es,Andrea Cerutti,Andrea Cerutti,nan,All,nan,16S of mouse gut metagenome,nan,nan,86,nan,nan,nan,nan,nan,AMPLICON,16S,nan,nan,nan,nan,86,nan,nan,nan,86,nan,nan,nan,nan,86,nan,nan,nan,nan,nan,nan,nan,nan,86,nan,nan,nan,nan,nan,nan,WT,WT,nan,nan,IgA_IgG_vaccine_response,nan,Animal,feces,nan,nan,nan,nan,non-co-housed_WT
CG87-87,46.0,0.0,0.0,68.0,0.0,0.0,0.0,142.0,73.0,0.0,88.0,0.0,314.0,53.0,24.0,6356.0,294.0,580.0,18.0,102.0,0.0,0.0,0.0,2078.0,0.0,0.0,1375.0,52.0,0.0,0.0,0.0,179.0,7417.0,107.0,26.0,0.0,0.0,0.0,747.0,767.0,29.0,408.0,28.0,67.0,930.0,389.0,98.0,0.0,0.0,0.0,0.0,0.0,294.0,52.0,87.0,0.0,511.0,88.0,172.0,0.0,CCCCCATC,GCTTTGAGCTGTTCAGATG,87,nan,nan,nan,CG87-87,nan,2/26/2015,M,cecum,nan,nan,nan,nan,nan,nan,nan,nan,nan,nan,nan,nan,nan,nan,nan,nan,nan,nan,nan,nan,899773,nan,nan,nan,nan,non-co-housed,non-co-housed,nan,nan,nan,nan,nan,nan,acerutti@imim.es,Andrea Cerutti,Andrea Cerutti,nan,All,nan,16S of mouse gut metagenome,nan,nan,87,nan,nan,nan,nan,nan,AMPLICON,16S,nan,nan,nan,nan,87,nan,nan,nan,87,nan,nan,nan,nan,87,nan,nan,nan,nan,nan,nan,nan,nan,87,nan,nan,nan,nan,nan,nan,WT,WT,nan,nan,IgA_IgG_vaccine_response,nan,Animal,feces,nan,nan,nan,nan,non-co-housed_WT
CG88-88,0.0,0.0,0.0,66.0,0.0,40.0,0.0,473.0,82.0,0.0,142.0,0.0,312.0,20.0,12.0,4689.0,272.0,327.0,0.0,38.0,0.0,0.0,0.0,1744.0,0.0,0.0,1556.0,124.0,0.0,15.0,0.0,135.0,7470.0,83.0,311.0,0.0,0.0,0.0,292.0,317.0,18.0,64.0,0.0,59.0,252.0,215.0,44.0,0.0,0.0,0.0,0.0,0.0,94.0,48.0,0.0,0.0,312.0,36.0,106.0,0.0,ACCGGGAC,ATATCTCCTGCTGACTAGG,88,nan,nan,nan,CG88-88,nan,3/1/2015,M,cecum,nan,nan,nan,nan,nan,nan,nan,nan,nan,nan,nan,nan,nan,nan,nan,nan,nan,nan,nan,nan,899774,nan,nan,nan,nan,non-co-housed,non-co-housed,nan,nan,nan,nan,nan,nan,acerutti@imim.es,Andrea Cerutti,Andrea Cerutti,nan,All,nan,16S of mouse gut metagenome,nan,nan,88,nan,nan,nan,nan,nan,AMPLICON,16S,nan,nan,nan,nan,88,nan,nan,nan,88,nan,nan,nan,nan,88,nan,nan,nan,nan,nan,nan,nan,nan,88,nan,nan,nan,nan,nan,nan,WT,WT,nan,nan,IgA_IgG_vaccine_response,nan,Animal,feces,nan,nan,nan,nan,non-co-housed_WT
CG89-89,51.0,0.0,66.0,0.0,0.0,0.0,0.0,464.0,144.0,0.0,152.0,0.0,1044.0,0.0,0.0,6543.0,348.0,635.0,0.0,160.0,0.0,0.0,0.0,1641.0,0.0,0.0,1849.0,128.0,30.0,0.0,14.0,204.0,7516.0,120.0,0.0,0.0,0.0,0.0,0.0,612.0,19.0,289.0,0.0,172.0,1179.0,355.0,54.0,0.0,0.0,0.0,0.0,0.0,67.0,52.0,0.0,0.0,342.0,46.0,98.0,0.0,CCGGAAAA,CATCCTGAACAATGGGCAA,89,nan,nan,nan,CG89-89,nan,3/1/2015,M,cecum,nan,nan,nan,nan,nan,nan,nan,nan,nan,nan,nan,nan,nan,nan,nan,nan,nan,nan,nan,nan,899774,nan,nan,nan,nan,non-co-housed,non-co-housed,nan,nan,nan,nan,nan,nan,acerutti@imim.es,Andrea Cerutti,Andrea Cerutti,nan,All,nan,16S of mouse gut metagenome,nan,nan,89,nan,nan,nan,nan,nan,AMPLICON,16S,nan,nan,nan,nan,89,nan,nan,nan,89,nan,nan,nan,nan,89,nan,nan,nan,nan,nan,nan,nan,nan,89,nan,nan,nan,nan,nan,nan,WT,WT,nan,nan,IgA_IgG_vaccine_response,nan,Animal,feces,nan,nan,nan,nan,non-co-housed_WT
CG90-90,53.0,0.0,0.0,66.0,0.0,0.0,0.0,162.0,0.0,0.0,0.0,0.0,426.0,0.0,0.0,4185.0,63.0,0.0,0.0,182.0,0.0,0.0,0.0,907.0,0.0,0.0,4642.0,351.0,0.0,262.0,0.0,75.0,10085.0,0.0,0.0,646.0,0.0,0.0,446.0,180.0,16.0,120.0,0.0,361.0,1411.0,359.0,53.0,0.0,0.0,0.0,0.0,0.0,74.0,0.0,0.0,0.0,245.0,0.0,16.0,0.0,ACTAGAAA,CTGCCACAACACGCCACTT,90,nan,nan,nan,CG90-90,nan,4/25/2014,M,cecum,nan,nan,nan,nan,nan,nan,nan,nan,nan,nan,nan,nan,nan,nan,nan,nan,nan,nan,nan,nan,814525,nan,nan,nan,nan,non-co-housed,non-co-housed,nan,nan,nan,nan,nan,nan,acerutti@imim.es,Andrea Cerutti,Andrea Cerutti,nan,All,nan,16S of mouse gut metagenome,nan,nan,90,nan,nan,nan,nan,nan,AMPLICON,16S,nan,nan,nan,nan,90,nan,nan,nan,90,nan,nan,nan,nan,90,nan,nan,nan,nan,nan,nan,nan,nan,90,nan,nan,nan,nan,nan,nan,IgAKO,IgAKO,nan,nan,IgA_IgG_vaccine_response,nan,Animal,feces,nan,nan,nan,nan,non-co-housed_IgAKO
CG91-91,217.0,0.0,0.0,59.0,0.0,0.0,48.0,413.0,24.0,0.0,130.0,0.0,533.0,0.0,0.0,3610.0,176.0,0.0,64.0,289.0,0.0,0.0,0.0,370.0,0.0,0.0,2793.0,523.0,0.0,156.0,0.0,112.0,9485.0,33.0,226.0,0.0,0.0,0.0,550.0,0.0,37.0,223.0,57.0,290.0,1851.0,538.0,53.0,0.0,0.0,0.0,0.0,0.0,52.0,38.0,0.0,0.0,455.0,0.0,54.0,0.0,ATGGGCCT,GAACCCAGACTACTTGTTC,91,nan,nan,nan,CG91-91,nan,4/25/2014,M,cecum,nan,nan,nan,nan,nan,nan,nan,nan,nan,nan,nan,nan,nan,nan,nan,nan,nan,nan,nan,nan,814525,nan,nan,nan,nan,non-co-housed,non-co-housed,nan,nan,nan,nan,nan,nan,acerutti@imim.es,Andrea Cerutti,Andrea Cerutti,nan,All,nan,16S of mouse gut metagenome,nan,nan,91,nan,nan,nan,nan,nan,AMPLICON,16S,nan,nan,nan,nan,91,nan,nan,nan,91,nan,nan,nan,nan,91,nan,nan,nan,nan,nan,nan,nan,nan,91,nan,nan,nan,nan,nan,nan,IgAKO,IgAKO,nan,nan,IgA_IgG_vaccine_response,nan,Animal,feces,nan,nan,nan,nan,non-co-housed_IgAKO
CG92-92,839.0,0.0,222.0,101.0,35.0,0.0,23.0,71.0,27.0,0.0,146.0,0.0,673.0,0.0,0.0,5679.0,219.0,0.0,29.0,410.0,0.0,0.0,0.0,1094.0,0.0,259.0,1937.0,127.0,0.0,40.0,0.0,127.0,6416.0,0.0,212.0,370.0,66.0,0.0,279.0,617.0,23.0,199.0,0.0,310.0,1409.0,1270.0,39.0,0.0,276.0,0.0,0.0,0.0,340.0,0.0,31.0,0.0,1246.0,0.0,55.0,71.0,GCCTCTGT,GGCCTACCCGGTATCCGAA,92,nan,nan,nan,CG92-92,nan,4/25/2014,M,cecum,nan,nan,nan,nan,nan,nan,nan,nan,nan,nan,nan,nan,nan,nan,nan,nan,nan,nan,nan,nan,814525,nan,nan,nan,nan,non-co-housed,non-co-housed,nan,nan,nan,nan,nan,nan,acerutti@imim.es,Andrea Cerutti,Andrea Cerutti,nan,All,nan,16S of mouse gut metagenome,nan,nan,92,nan,nan,nan,nan,nan,AMPLICON,16S,nan,nan,nan,nan,92,nan,nan,nan,92,nan,nan,nan,nan,92,nan,nan,nan,nan,nan,nan,nan,nan,92,nan,nan,nan,nan,nan,nan,IgAKO,IgAKO,nan,nan,IgA_IgG_vaccine_response,nan,Animal,feces,nan,nan,nan,nan,non-co-housed_IgAKO
CG93-93,0.0,0.0,7.0,134.0,0.0,0.0,71.0,246.0,26.0,0.0,69.0,468.0,400.0,26.0,0.0,3661.0,357.0,271.0,0.0,18.0,0.0,0.0,0.0,3073.0,0.0,0.0,1747.0,144.0,0.0,132.0,35.0,127.0,7229.0,256.0,0.0,0.0,413.0,0.0,602.0,794.0,0.0,309.0,0.0,173.0,271.0,143.0,96.0,0.0,0.0,0.0,0.0,0.0,42.0,0.0,46.0,36.0,483.0,39.0,107.0,0.0,GACGGTAA,ACTTGCGTGATAATTGACC,93,nan,nan,nan,CG93-93,nan,1/17/2015,F,cecum,nan,nan,nan,nan,nan,nan,nan,nan,nan,nan,nan,nan,nan,nan,nan,nan,nan,nan,nan,nan,875915,nan,nan,nan,nan,non-co-housed,non-co-housed,nan,nan,nan,nan,nan,nan,acerutti@imim.es,Andrea Cerutti,Andrea Cerutti,nan,All,nan,16S of mouse gut metagenome,nan,nan,93,nan,nan,nan,nan,nan,AMPLICON,16S,nan,nan,nan,nan,93,nan,nan,nan,93,nan,nan,nan,nan,93,nan,nan,nan,nan,nan,nan,nan,nan,93,nan,nan,nan,nan,nan,nan,IgAKO,IgAKO,nan,nan,IgA_IgG_vaccine_response,nan,Animal,feces,nan,nan,nan,nan,non-co-housed_IgAKO
CG94-94,0.0,0.0,14.0,131.0,0.0,0.0,64.0,257.0,39.0,0.0,68.0,341.0,564.0,43.0,53.0,5995.0,302.0,299.0,0.0,13.0,0.0,0.0,0.0,2408.0,0.0,0.0,1375.0,133.0,0.0,144.0,0.0,156.0,8828.0,200.0,0.0,201.0,164.0,0.0,404.0,302.0,0.0,223.0,25.0,189.0,1047.0,184.0,71.0,0.0,0.0,4.0,0.0,0.0,107.0,19.0,98.0,49.0,416.0,74.0,137.0,0.0,CACAACGT,TAGCGCCTGTAAATCTCTG,94,nan,nan,nan,CG94-94,nan,1/17/2015,F,cecum,nan,nan,nan,nan,nan,nan,nan,nan,nan,nan,nan,nan,nan,nan,nan,nan,nan,nan,nan,nan,875915,nan,nan,nan,nan,non-co-housed,non-co-housed,nan,nan,nan,nan,nan,nan,acerutti@imim.es,Andrea Cerutti,Andrea Cerutti,nan,All,nan,16S of mouse gut metagenome,nan,nan,94,nan,nan,nan,nan,nan,AMPLICON,16S,nan,nan,nan,nan,94,nan,nan,nan,94,nan,nan,nan,nan,94,nan,nan,nan,nan,nan,nan,nan,nan,94,nan,nan,nan,nan,nan,nan,IgAKO,IgAKO,nan,nan,IgA_IgG_vaccine_response,nan,Animal,feces,nan,nan,nan,nan,non-co-housed_IgAKO
CG95-95,0.0,0.0,8.0,154.0,0.0,0.0,33.0,220.0,28.0,0.0,31.0,247.0,462.0,0.0,0.0,6089.0,185.0,226.0,0.0,136.0,0.0,0.0,0.0,1288.0,0.0,0.0,1583.0,23.0,0.0,81.0,0.0,150.0,8245.0,125.0,0.0,0.0,0.0,0.0,685.0,723.0,0.0,221.0,15.0,315.0,604.0,80.0,70.0,0.0,0.0,0.0,0.0,0.0,119.0,65.0,0.0,0.0,1102.0,0.0,117.0,0.0,CAACACTA,GCGATGAGGCCCCAGCATT,95,nan,nan,nan,CG95-95,nan,1/17/2015,F,cecum,nan,nan,nan,nan,nan,nan,nan,nan,nan,nan,nan,nan,nan,nan,nan,nan,nan,nan,nan,nan,875915,nan,nan,nan,nan,non-co-housed,non-co-housed,nan,nan,nan,nan,nan,nan,acerutti@imim.es,Andrea Cerutti,Andrea Cerutti,nan,All,nan,16S of mouse gut metagenome,nan,nan,95,nan,nan,nan,nan,nan,AMPLICON,16S,nan,nan,nan,nan,95,nan,nan,nan,95,nan,nan,nan,nan,95,nan,nan,nan,nan,nan,nan,nan,nan,95,nan,nan,nan,nan,nan,nan,IgAKO,IgAKO,nan,nan,IgA_IgG_vaccine_response,nan,Animal,feces,nan,nan,nan,nan,non-co-housed_IgAKO
CG96-96,0.0,0.0,0.0,118.0,0.0,36.0,0.0,259.0,30.0,0.0,135.0,254.0,565.0,0.0,0.0,4928.0,289.0,229.0,0.0,368.0,0.0,0.0,0.0,1712.0,0.0,0.0,1368.0,79.0,12.0,172.0,0.0,114.0,7642.0,62.0,268.0,0.0,173.0,0.0,192.0,663.0,11.0,180.0,0.0,200.0,686.0,330.0,47.0,0.0,0.0,0.0,0.0,0.0,101.0,0.0,38.0,27.0,235.0,201.0,108.0,0.0,ATGTAGGA,GTATGCGCTACGGGACCGC,96,nan,nan,nan,CG96-96,nan,12/13/2014,M,cecum,nan,nan,nan,nan,nan,nan,nan,nan,nan,nan,nan,nan,nan,nan,nan,nan,nan,nan,nan,nan,866116,nan,nan,nan,nan,non-co-housed,non-co-housed,nan,nan,nan,nan,nan,nan,acerutti@imim.es,Andrea Cerutti,Andrea Cerutti,nan,All,nan,16S of mouse gut metagenome,nan,nan,96,nan,nan,nan,nan,nan,AMPLICON,16S,nan,nan,nan,nan,96,nan,nan,nan,96,nan,nan,nan,nan,96,nan,nan,nan,nan,nan,nan,nan,nan,96,nan,nan,nan,nan,nan,nan,IgAKO,IgAKO,nan,nan,IgA_IgG_vaccine_response,nan,Animal,feces,nan,nan,nan,nan,non-co-housed_IgAKO
CG97-97,0.0,0.0,53.0,315.0,28.0,0.0,6.0,176.0,115.0,0.0,70.0,459.0,795.0,31.0,0.0,11549.0,538.0,600.0,38.0,642.0,0.0,0.0,0.0,2074.0,0.0,0.0,1982.0,237.0,0.0,191.0,0.0,330.0,14723.0,271.0,305.0,0.0,588.0,0.0,1313.0,865.0,21.0,281.0,76.0,488.0,1967.0,810.0,120.0,0.0,0.0,0.0,0.0,0.0,317.0,69.0,82.0,164.0,985.0,385.0,261.0,0.0,TGTGTCCC,GCACGCCGTAAGTACCGCC,97,nan,nan,nan,CG97-97,nan,12/13/2014,M,cecum,nan,nan,nan,nan,nan,nan,nan,nan,nan,nan,nan,nan,nan,nan,nan,nan,nan,nan,nan,nan,866116,nan,nan,nan,nan,non-co-housed,non-co-housed,nan,nan,nan,nan,nan,nan,acerutti@imim.es,Andrea Cerutti,Andrea Cerutti,nan,All,nan,16S of mouse gut metagenome,nan,nan,97,nan,nan,nan,nan,nan,AMPLICON,16S,nan,nan,nan,nan,97,nan,nan,nan,97,nan,nan,nan,nan,97,nan,nan,nan,nan,nan,nan,nan,nan,97,nan,nan,nan,nan,nan,nan,IgAKO,IgAKO,nan,nan,IgA_IgG_vaccine_response,nan,Animal,feces,nan,nan,nan,nan,non-co-housed_IgAKO
CG98-98,0.0,0.0,0.0,256.0,0.0,47.0,4.0,266.0,70.0,0.0,0.0,312.0,283.0,0.0,0.0,7791.0,299.0,535.0,177.0,279.0,0.0,0.0,0.0,1745.0,0.0,0.0,1296.0,95.0,10.0,0.0,0.0,221.0,12273.0,162.0,260.0,0.0,104.0,0.0,680.0,623.0,10.0,514.0,0.0,185.0,1077.0,458.0,92.0,8.0,0.0,0.0,0.0,5.0,206.0,161.0,54.0,0.0,876.0,302.0,154.0,0.0,TCGGAGGT,GTTCTTCCACACCTTGGAA,98,nan,nan,nan,CG98-98,nan,12/13/2014,M,cecum,nan,nan,nan,nan,nan,nan,nan,nan,nan,nan,nan,nan,nan,nan,nan,nan,nan,nan,nan,nan,866116,nan,nan,nan,nan,non-co-housed,non-co-housed,nan,nan,nan,nan,nan,nan,acerutti@imim.es,Andrea Cerutti,Andrea Cerutti,nan,All,nan,16S of mouse gut metagenome,nan,nan,98,nan,nan,nan,nan,nan,AMPLICON,16S,nan,nan,nan,nan,98,nan,nan,nan,98,nan,nan,nan,nan,98,nan,nan,nan,nan,nan,nan,nan,nan,98,nan,nan,nan,nan,nan,nan,IgAKO,IgAKO,nan,nan,IgA_IgG_vaccine_response,nan,Animal,feces,nan,nan,nan,nan,non-co-housed_IgAKO
CG99-99,285.0,111.0,0.0,143.0,0.0,0.0,149.0,161.0,37.0,0.0,27.0,236.0,780.0,77.0,28.0,5740.0,723.0,111.0,4.0,229.0,152.0,0.0,0.0,6028.0,0.0,0.0,2118.0,66.0,0.0,107.0,0.0,184.0,16193.0,51.0,0.0,383.0,751.0,0.0,693.0,583.0,0.0,318.0,0.0,115.0,780.0,199.0,115.0,0.0,0.0,0.0,0.0,0.0,153.0,0.0,144.0,84.0,824.0,340.0,144.0,0.0,TGCCTCAG,TTAATACATACTTCGCGCA,99,nan,nan,nan,CG99-99,nan,2/3/2015,F,cecum,nan,nan,nan,nan,nan,nan,nan,nan,nan,nan,nan,nan,nan,nan,nan,nan,nan,nan,nan,nan,866141,nan,nan,nan,nan,non-co-housed,non-co-housed,nan,nan,nan,nan,nan,nan,acerutti@imim.es,Andrea Cerutti,Andrea Cerutti,nan,All,nan,16S of mouse gut metagenome,nan,nan,99,nan,nan,nan,nan,nan,AMPLICON,16S,nan,nan,nan,nan,99,nan,nan,nan,99,nan,nan,nan,nan,99,nan,nan,nan,nan,nan,nan,nan,nan,99,nan,nan,nan,nan,nan,nan,IgAKO,IgAKO,nan,nan,IgA_IgG_vaccine_response,nan,Animal,feces,nan,nan,nan,nan,non-co-housed_IgAKO
