index,k__Bacteria;__;__;__;__,k__Bacteria;p__Actinobacteria;c__Actinobacteria;o__Actinomycetales;__,k__Bacteria;p__Actinobacteria;c__Actinobacteria;o__Actinomycetales;f__Nocardioidaceae,k__Bacteria;p__Actinobacteria;c__Actinobacteria;o__Bifidobacteriales;f__Bifidobacteriaceae,k__Bacteria;p__Actinobacteria;c__Coriobacteriia;o__Coriobacteriales;f__Coriobacteriaceae,k__Bacteria;p__Bacteroidetes;c__Bacteroidia;o__Bacteroidales;__,k__Bacteria;p__Bacteroidetes;c__Bacteroidia;o__Bacteroidales;f__Bacteroidaceae,k__Bacteria;p__Bacteroidetes;c__Bacteroidia;o__Bacteroidales;f__Prevotellaceae,k__Bacteria;p__Bacteroidetes;c__Bacteroidia;o__Bacteroidales;f__Rikenellaceae,k__Bacteria;p__Bacteroidetes;c__Bacteroidia;o__Bacteroidales;f__S24-7,k__Bacteria;p__Bacteroidetes;c__Bacteroidia;o__Bacteroidales;f__[Odoribacteraceae],k__Bacteria;p__Bacteroidetes;c__Bacteroidia;o__Bacteroidales;f__[Paraprevotellaceae],k__Bacteria;p__Cyanobacteria;c__Chloroplast;o__Streptophyta;f__,k__Bacteria;p__Firmicutes;c__Bacilli;o__Bacillales;f__Bacillaceae,k__Bacteria;p__Firmicutes;c__Bacilli;o__Bacillales;f__Planococcaceae,k__Bacteria;p__Firmicutes;c__Bacilli;o__Bacillales;f__Staphylococcaceae,k__Bacteria;p__Firmicutes;c__Bacilli;o__Gemellales;f__,k__Bacteria;p__Firmicutes;c__Bacilli;o__Lactobacillales;f__Aerococcaceae,k__Bacteria;p__Firmicutes;c__Bacilli;o__Lactobacillales;f__Lactobacillaceae,k__Bacteria;p__Firmicutes;c__Bacilli;o__Lactobacillales;f__Streptococcaceae,k__Bacteria;p__Firmicutes;c__Bacilli;o__Turicibacterales;f__Turicibacteraceae,k__Bacteria;p__Firmicutes;c__Clostridia;o__Clostridiales;__,k__Bacteria;p__Firmicutes;c__Clostridia;o__Clostridiales;f__,k__Bacteria;p__Firmicutes;c__Clostridia;o__Clostridiales;f__Christensenellaceae,k__Bacteria;p__Firmicutes;c__Clostridia;o__Clostridiales;f__Clostridiaceae,k__Bacteria;p__Firmicutes;c__Clostridia;o__Clostridiales;f__Dehalobacteriaceae,k__Bacteria;p__Firmicutes;c__Clostridia;o__Clostridiales;f__Lachnospiraceae,k__Bacteria;p__Firmicutes;c__Clostridia;o__Clostridiales;f__Ruminococcaceae,k__Bacteria;p__Firmicutes;c__Clostridia;o__Clostridiales;f__[Mogibacteriaceae],k__Bacteria;p__Firmicutes;c__Erysipelotrichi;o__Erysipelotrichales;f__Erysipelotrichaceae,k__Bacteria;p__OD1;c__;o__;f__,k__Bacteria;p__Proteobacteria;c__Alphaproteobacteria;o__Caulobacterales;f__Caulobacteraceae,k__Bacteria;p__Proteobacteria;c__Alphaproteobacteria;o__Rhizobiales;__,k__Bacteria;p__Proteobacteria;c__Alphaproteobacteria;o__Rhizobiales;f__Methylobacteriaceae,k__Bacteria;p__Proteobacteria;c__Alphaproteobacteria;o__Rhizobiales;f__Rhizobiaceae,k__Bacteria;p__Proteobacteria;c__Alphaproteobacteria;o__Rhodospirillales;f__Rhodospirillaceae,k__Bacteria;p__Proteobacteria;c__Alphaproteobacteria;o__Rickettsiales;f__mitochondria,k__Bacteria;p__Proteobacteria;c__Alphaproteobacteria;o__Sphingomonadales;f__Erythrobacteraceae,k__Bacteria;p__Proteobacteria;c__Betaproteobacteria;o__Burkholderiales;__,k__Bacteria;p__Proteobacteria;c__Betaproteobacteria;o__Burkholderiales;f__Alcaligenaceae,k__Bacteria;p__Proteobacteria;c__Betaproteobacteria;o__Burkholderiales;f__Comamonadaceae,k__Bacteria;p__Proteobacteria;c__Betaproteobacteria;o__Burkholderiales;f__Oxalobacteraceae,k__Bacteria;p__Proteobacteria;c__Deltaproteobacteria;o__Desulfovibrionales;f__Desulfovibrionaceae,k__Bacteria;p__Proteobacteria;c__Gammaproteobacteria;o__Alteromonadales;f__Shewanellaceae,k__Bacteria;p__Proteobacteria;c__Gammaproteobacteria;o__Alteromonadales;f__[Chromatiaceae],k__Bacteria;p__Proteobacteria;c__Gammaproteobacteria;o__Enterobacteriales;f__Enterobacteriaceae,k__Bacteria;p__Proteobacteria;c__Gammaproteobacteria;o__Oceanospirillales;f__Halomonadaceae,k__Bacteria;p__Proteobacteria;c__Gammaproteobacteria;o__Pseudomonadales;f__Moraxellaceae,k__Bacteria;p__Proteobacteria;c__Gammaproteobacteria;o__Pseudomonadales;f__Pseudomonadaceae,k__Bacteria;p__TM7;c__TM7-3;o__CW040;f__F16,k__Bacteria;p__Tenericutes;c__Mollicutes;o__Mycoplasmatales;f__Mycoplasmataceae,BarcodeSequence,LinkerPrimerSequence,Together,AliquotID,AliquotWeight,AliquotWeightUnit,AnimalSubjectID,AnimalWeight,BirthDate,Sex,SpecimenBodySite,UberonCodeBodySite,Company,ProductCode,ProductName,ChowEndDate,ChowStartDate,Biome,CollectionSiteName,CollectionSiteTechnician,Depth,Elevation,Environment,Feature,Latitude,Longitude,Material,ExperimentName,FacilityLocation,FacilityName,NumberOfCageCompanions,TankID,TankMaterial,TankShape,TypeOfBedding,TypeOfFacility,TypeOfHousing,Housing,HousingEndDate,HousingStartDate,BreedingProgram,EnvironmentalEnrichment,LightDarkCycle,Temperature,ContactEmail,ContactName,PrimaryInvestigator,ExampleMetaData,Separate,DaysSinceExperimentStart,RawDataNotes,RawDataDatePerformed,RawDataProcessor,RawDataProtocolID,FinishingStrategyCoverage,FinishingStrategyStatus,NumberOfContigs,Primer,RawDataConditions,SequencingMethod,TargetGene,ResultID,ResultsLocation,ResultsDatePerformed,ResultsProcessor,ResultsProtocolID,ResultsMethod,ResultsTool,ResultsToolVersion,MmedsSampleID,SampleWeight,SampleWeightUnit,SampleDatePerformed,SampleProcessor,SampleProtocolID,SampleProtocolNotes,SampleConditions,SampleTool,SampleToolVersion,SpeciesName,SpecimenCollectionDate,SpecimenCollectionMethod,SpecimenCollectionTime,SpecimenID,SpecimenNotes,SpecimenWeight,SpecimenWeightUnit,StorageFreezer,StorageInstitution,StrainID,StrainName,Strain,StrainProducer,RelevantLinks,StudyName,StudyType,SubjectType,SpecimenType,UberonCodeType,VendorLocation,VendorName,VendorStrainInfo,HousingStrainSubgroup
CG34-34,0.0,0.0,0.0,0.0,171.0,0.0,0.0,0.0,0.0,4886.0,0.0,0.0,0.0,0.0,0.0,0.0,0.0,0.0,14007.0,0.0,0.0,0.0,0.0,0.0,15297.0,0.0,974.0,11.0,14.0,0.0,0.0,0.0,0.0,0.0,0.0,0.0,0.0,0.0,0.0,79.0,0.0,46.0,446.0,38.0,0.0,0.0,0.0,0.0,0.0,23.0,102.0,ATAGGTCA,TGGTCCAAAGCATCGTCTA,34,nan,nan,nan,CG34-34,nan,4/20/2014,M,small intestine,nan,nan,nan,nan,nan,nan,nan,nan,nan,nan,nan,nan,nan,nan,nan,nan,nan,nan,nan,nan,814502,nan,nan,nan,nan,Littermate,Littermate,nan,nan,nan,nan,nan,nan,acerutti@imim.es,Andrea Cerutti,Andrea Cerutti,nan,All,nan,16S of mouse gut metagenome,nan,nan,34,nan,nan,nan,nan,nan,AMPLICON,16S,nan,nan,nan,nan,34,nan,nan,nan,34,nan,nan,nan,nan,34,nan,nan,nan,nan,nan,nan,nan,nan,34,nan,nan,nan,nan,nan,nan,WT,WT,nan,nan,IgA_IgG_vaccine_response,nan,Animal,feces,nan,nan,nan,nan,Littermate_WT
CG35-35,0.0,0.0,6.0,32.0,795.0,0.0,0.0,0.0,32.0,19866.0,6.0,0.0,0.0,0.0,0.0,110.0,0.0,0.0,18888.0,319.0,0.0,111.0,0.0,0.0,2986.0,0.0,1635.0,27.0,0.0,0.0,0.0,0.0,0.0,0.0,24.0,0.0,0.0,0.0,0.0,335.0,45.0,0.0,2162.0,0.0,0.0,498.0,0.0,0.0,0.0,428.0,22.0,GCGGTTGT,ATCTGGAGCCCTTAGCGCG,35,nan,nan,nan,CG35-35,nan,4/20/2014,M,small intestine,nan,nan,nan,nan,nan,nan,nan,nan,nan,nan,nan,nan,nan,nan,nan,nan,nan,nan,nan,nan,814502,nan,nan,nan,nan,Littermate,Littermate,nan,nan,nan,nan,nan,nan,acerutti@imim.es,Andrea Cerutti,Andrea Cerutti,nan,All,nan,16S of mouse gut metagenome,nan,nan,35,nan,nan,nan,nan,nan,AMPLICON,16S,nan,nan,nan,nan,35,nan,nan,nan,35,nan,nan,nan,nan,35,nan,nan,nan,nan,nan,nan,nan,nan,35,nan,nan,nan,nan,nan,nan,WT,WT,nan,nan,IgA_IgG_vaccine_response,nan,Animal,feces,nan,nan,nan,nan,Littermate_WT
CG36-36,0.0,0.0,0.0,145.0,343.0,0.0,0.0,0.0,0.0,4528.0,0.0,0.0,0.0,0.0,0.0,0.0,0.0,0.0,14156.0,0.0,3479.0,0.0,0.0,0.0,2664.0,0.0,94.0,0.0,0.0,89.0,0.0,0.0,0.0,0.0,0.0,0.0,0.0,0.0,0.0,237.0,0.0,0.0,217.0,0.0,0.0,0.0,14.0,0.0,0.0,20.0,142.0,TCCCATTG,GCTCTTTCAATTTATAGAA,36,nan,nan,nan,CG36-36,nan,5/3/2014,F,small intestine,nan,nan,nan,nan,nan,nan,nan,nan,nan,nan,nan,nan,nan,nan,nan,nan,nan,nan,nan,nan,814506,nan,nan,nan,nan,Littermate,Littermate,nan,nan,nan,nan,nan,nan,acerutti@imim.es,Andrea Cerutti,Andrea Cerutti,nan,All,nan,16S of mouse gut metagenome,nan,nan,36,nan,nan,nan,nan,nan,AMPLICON,16S,nan,nan,nan,nan,36,nan,nan,nan,36,nan,nan,nan,nan,36,nan,nan,nan,nan,nan,nan,nan,nan,36,nan,nan,nan,nan,nan,nan,WT,WT,nan,nan,IgA_IgG_vaccine_response,nan,Animal,feces,nan,nan,nan,nan,Littermate_WT
CG37-37,27.0,0.0,0.0,0.0,27.0,0.0,0.0,0.0,0.0,796.0,0.0,17.0,0.0,0.0,0.0,0.0,0.0,0.0,8117.0,0.0,0.0,505.0,0.0,0.0,2654.0,0.0,1078.0,50.0,0.0,0.0,0.0,0.0,12.0,0.0,0.0,0.0,0.0,0.0,0.0,30.0,0.0,43.0,25.0,0.0,0.0,0.0,115.0,0.0,0.0,0.0,0.0,CACGGTCA,CGGGCTATAGAGATTCGCA,37,nan,nan,nan,CG37-37,nan,4/7/2014,M,small intestine,nan,nan,nan,nan,nan,nan,nan,nan,nan,nan,nan,nan,nan,nan,nan,nan,nan,nan,nan,nan,814618,nan,nan,nan,nan,Littermate,Littermate,nan,nan,nan,nan,nan,nan,acerutti@imim.es,Andrea Cerutti,Andrea Cerutti,nan,All,nan,16S of mouse gut metagenome,nan,nan,37,nan,nan,nan,nan,nan,AMPLICON,16S,nan,nan,nan,nan,37,nan,nan,nan,37,nan,nan,nan,nan,37,nan,nan,nan,nan,nan,nan,nan,nan,37,nan,nan,nan,nan,nan,nan,WT,WT,nan,nan,IgA_IgG_vaccine_response,nan,Animal,feces,nan,nan,nan,nan,Littermate_WT
CG38-38,0.0,0.0,0.0,81.0,493.0,0.0,0.0,0.0,42.0,21945.0,0.0,0.0,0.0,0.0,95.0,36.0,163.0,0.0,17568.0,396.0,0.0,236.0,25.0,0.0,4771.0,0.0,1538.0,20.0,0.0,48.0,0.0,0.0,18.0,0.0,0.0,0.0,14.0,0.0,0.0,491.0,41.0,0.0,563.0,21.0,0.0,0.0,56.0,0.0,0.0,92.0,0.0,GCCATTCT,GAATTGCTCCGAACTTATT,38,nan,nan,nan,CG38-38,nan,5/11/2014,M,small intestine,nan,nan,nan,nan,nan,nan,nan,nan,nan,nan,nan,nan,nan,nan,nan,nan,nan,nan,nan,nan,814523,nan,nan,nan,nan,Littermate,Littermate,nan,nan,nan,nan,nan,nan,acerutti@imim.es,Andrea Cerutti,Andrea Cerutti,nan,All,nan,16S of mouse gut metagenome,nan,nan,38,nan,nan,nan,nan,nan,AMPLICON,16S,nan,nan,nan,nan,38,nan,nan,nan,38,nan,nan,nan,nan,38,nan,nan,nan,nan,nan,nan,nan,nan,38,nan,nan,nan,nan,nan,nan,WT,WT,nan,nan,IgA_IgG_vaccine_response,nan,Animal,feces,nan,nan,nan,nan,Littermate_WT
CG39-39,0.0,0.0,0.0,0.0,689.0,0.0,0.0,0.0,0.0,21398.0,10.0,0.0,0.0,0.0,0.0,0.0,0.0,0.0,5278.0,0.0,0.0,119.0,0.0,0.0,5564.0,0.0,660.0,26.0,13.0,0.0,0.0,0.0,0.0,0.0,0.0,0.0,0.0,0.0,0.0,1368.0,0.0,0.0,648.0,43.0,0.0,0.0,102.0,0.0,0.0,63.0,14.0,ATCTTTTA,CCTATTACTTATATGCACA,39,nan,nan,nan,CG39-39,nan,5/11/2014,M,small intestine,nan,nan,nan,nan,nan,nan,nan,nan,nan,nan,nan,nan,nan,nan,nan,nan,nan,nan,nan,nan,814523,nan,nan,nan,nan,Littermate,Littermate,nan,nan,nan,nan,nan,nan,acerutti@imim.es,Andrea Cerutti,Andrea Cerutti,nan,All,nan,16S of mouse gut metagenome,nan,nan,39,nan,nan,nan,nan,nan,AMPLICON,16S,nan,nan,nan,nan,39,nan,nan,nan,39,nan,nan,nan,nan,39,nan,nan,nan,nan,nan,nan,nan,nan,39,nan,nan,nan,nan,nan,nan,WT,WT,nan,nan,IgA_IgG_vaccine_response,nan,Animal,feces,nan,nan,nan,nan,Littermate_WT
CG40-40,0.0,0.0,0.0,0.0,0.0,26.0,0.0,0.0,0.0,570.0,0.0,0.0,0.0,0.0,0.0,0.0,0.0,0.0,19167.0,29.0,0.0,0.0,0.0,0.0,8084.0,0.0,53.0,0.0,0.0,0.0,5.0,0.0,0.0,0.0,0.0,0.0,0.0,0.0,0.0,18.0,0.0,0.0,27.0,0.0,0.0,0.0,66.0,0.0,0.0,0.0,22.0,CCCGCGTT,GTGGGCTCATGAGCATGTG,40,nan,nan,nan,CG40-40,nan,4/20/2014,M,small intestine,nan,nan,nan,nan,nan,nan,nan,nan,nan,nan,nan,nan,nan,nan,nan,nan,nan,nan,nan,nan,814502,nan,nan,nan,nan,Littermate,Littermate,nan,nan,nan,nan,nan,nan,acerutti@imim.es,Andrea Cerutti,Andrea Cerutti,nan,All,nan,16S of mouse gut metagenome,nan,nan,40,nan,nan,nan,nan,nan,AMPLICON,16S,nan,nan,nan,nan,40,nan,nan,nan,40,nan,nan,nan,nan,40,nan,nan,nan,nan,nan,nan,nan,nan,40,nan,nan,nan,nan,nan,nan,IgAKO,IgAKO,nan,nan,IgA_IgG_vaccine_response,nan,Animal,feces,nan,nan,nan,nan,Littermate_IgAKO
CG41-41,0.0,0.0,0.0,26.0,646.0,0.0,0.0,0.0,0.0,3023.0,0.0,0.0,0.0,10.0,0.0,0.0,0.0,0.0,8712.0,45.0,0.0,0.0,0.0,0.0,27529.0,0.0,563.0,0.0,0.0,0.0,0.0,0.0,0.0,14.0,0.0,0.0,0.0,0.0,0.0,104.0,0.0,69.0,565.0,42.0,0.0,0.0,69.0,0.0,0.0,62.0,0.0,TTATTTTG,GCCCTCCATGGCCAACTCG,41,nan,nan,nan,CG41-41,nan,4/20/2014,M,small intestine,nan,nan,nan,nan,nan,nan,nan,nan,nan,nan,nan,nan,nan,nan,nan,nan,nan,nan,nan,nan,814502,nan,nan,nan,nan,Littermate,Littermate,nan,nan,nan,nan,nan,nan,acerutti@imim.es,Andrea Cerutti,Andrea Cerutti,nan,All,nan,16S of mouse gut metagenome,nan,nan,41,nan,nan,nan,nan,nan,AMPLICON,16S,nan,nan,nan,nan,41,nan,nan,nan,41,nan,nan,nan,nan,41,nan,nan,nan,nan,nan,nan,nan,nan,41,nan,nan,nan,nan,nan,nan,IgAKO,IgAKO,nan,nan,IgA_IgG_vaccine_response,nan,Animal,feces,nan,nan,nan,nan,Littermate_IgAKO
CG42-42,0.0,0.0,0.0,0.0,533.0,0.0,0.0,0.0,0.0,6551.0,0.0,0.0,0.0,0.0,0.0,0.0,0.0,0.0,10971.0,135.0,452.0,0.0,0.0,0.0,1788.0,0.0,645.0,0.0,0.0,79.0,0.0,0.0,0.0,0.0,0.0,0.0,0.0,0.0,0.0,416.0,0.0,0.0,762.0,0.0,0.0,0.0,0.0,0.0,0.0,0.0,0.0,ATTTCGGA,GCGAAGGTGGTCCTTTGTG,42,nan,nan,nan,CG42-42,nan,5/3/2014,F,small intestine,nan,nan,nan,nan,nan,nan,nan,nan,nan,nan,nan,nan,nan,nan,nan,nan,nan,nan,nan,nan,814506,nan,nan,nan,nan,Littermate,Littermate,nan,nan,nan,nan,nan,nan,acerutti@imim.es,Andrea Cerutti,Andrea Cerutti,nan,All,nan,16S of mouse gut metagenome,nan,nan,42,nan,nan,nan,nan,nan,AMPLICON,16S,nan,nan,nan,nan,42,nan,nan,nan,42,nan,nan,nan,nan,42,nan,nan,nan,nan,nan,nan,nan,nan,42,nan,nan,nan,nan,nan,nan,IgAKO,IgAKO,nan,nan,IgA_IgG_vaccine_response,nan,Animal,feces,nan,nan,nan,nan,Littermate_IgAKO
CG43-43,3.0,0.0,0.0,0.0,763.0,0.0,0.0,0.0,26.0,17957.0,0.0,0.0,0.0,0.0,0.0,0.0,0.0,0.0,7871.0,51.0,0.0,0.0,0.0,5.0,1203.0,0.0,138.0,0.0,16.0,11.0,5.0,0.0,0.0,0.0,10.0,0.0,0.0,0.0,0.0,456.0,0.0,0.0,914.0,90.0,0.0,54.0,193.0,0.0,0.0,105.0,0.0,TTGCCCGC,GCACGGCACCGCCCCGAAT,43,nan,nan,nan,CG43-43,nan,4/7/2014,M,small intestine,nan,nan,nan,nan,nan,nan,nan,nan,nan,nan,nan,nan,nan,nan,nan,nan,nan,nan,nan,nan,814618,nan,nan,nan,nan,Littermate,Littermate,nan,nan,nan,nan,nan,nan,acerutti@imim.es,Andrea Cerutti,Andrea Cerutti,nan,All,nan,16S of mouse gut metagenome,nan,nan,43,nan,nan,nan,nan,nan,AMPLICON,16S,nan,nan,nan,nan,43,nan,nan,nan,43,nan,nan,nan,nan,43,nan,nan,nan,nan,nan,nan,nan,nan,43,nan,nan,nan,nan,nan,nan,IgAKO,IgAKO,nan,nan,IgA_IgG_vaccine_response,nan,Animal,feces,nan,nan,nan,nan,Littermate_IgAKO
CG44-44,0.0,0.0,0.0,0.0,398.0,0.0,0.0,0.0,36.0,10065.0,0.0,0.0,0.0,0.0,0.0,0.0,0.0,0.0,8699.0,72.0,0.0,210.0,0.0,0.0,7689.0,0.0,1453.0,5.0,0.0,0.0,0.0,0.0,0.0,0.0,0.0,0.0,0.0,0.0,0.0,393.0,0.0,0.0,450.0,0.0,0.0,0.0,0.0,0.0,0.0,69.0,0.0,TCTAAGAG,GCGGGGTTAGATTGCCTCA,44,nan,nan,nan,CG44-44,nan,5/11/2014,M,small intestine,nan,nan,nan,nan,nan,nan,nan,nan,nan,nan,nan,nan,nan,nan,nan,nan,nan,nan,nan,nan,814523,nan,nan,nan,nan,Littermate,Littermate,nan,nan,nan,nan,nan,nan,acerutti@imim.es,Andrea Cerutti,Andrea Cerutti,nan,All,nan,16S of mouse gut metagenome,nan,nan,44,nan,nan,nan,nan,nan,AMPLICON,16S,nan,nan,nan,nan,44,nan,nan,nan,44,nan,nan,nan,nan,44,nan,nan,nan,nan,nan,nan,nan,nan,44,nan,nan,nan,nan,nan,nan,IgAKO,IgAKO,nan,nan,IgA_IgG_vaccine_response,nan,Animal,feces,nan,nan,nan,nan,Littermate_IgAKO
CG45-45,0.0,0.0,0.0,359.0,452.0,0.0,0.0,0.0,0.0,16293.0,0.0,0.0,0.0,0.0,8.0,0.0,0.0,0.0,6090.0,34.0,0.0,266.0,0.0,0.0,3394.0,0.0,176.0,0.0,0.0,74.0,0.0,0.0,0.0,0.0,0.0,4.0,0.0,0.0,0.0,737.0,0.0,0.0,36.0,48.0,0.0,0.0,120.0,0.0,0.0,0.0,0.0,AAGTTTCA,CATGGGTATGCCGCCTATA,45,nan,nan,nan,CG45-45,nan,5/11/2014,M,small intestine,nan,nan,nan,nan,nan,nan,nan,nan,nan,nan,nan,nan,nan,nan,nan,nan,nan,nan,nan,nan,814523,nan,nan,nan,nan,Littermate,Littermate,nan,nan,nan,nan,nan,nan,acerutti@imim.es,Andrea Cerutti,Andrea Cerutti,nan,All,nan,16S of mouse gut metagenome,nan,nan,45,nan,nan,nan,nan,nan,AMPLICON,16S,nan,nan,nan,nan,45,nan,nan,nan,45,nan,nan,nan,nan,45,nan,nan,nan,nan,nan,nan,nan,nan,45,nan,nan,nan,nan,nan,nan,IgAKO,IgAKO,nan,nan,IgA_IgG_vaccine_response,nan,Animal,feces,nan,nan,nan,nan,Littermate_IgAKO
CG46-46,25.0,0.0,9.0,0.0,0.0,0.0,0.0,0.0,0.0,342.0,0.0,23.0,32.0,0.0,0.0,0.0,0.0,0.0,11116.0,2304.0,0.0,106.0,0.0,0.0,14031.0,0.0,38.0,0.0,0.0,0.0,0.0,19.0,51.0,0.0,0.0,0.0,27.0,11.0,0.0,0.0,166.0,0.0,0.0,0.0,0.0,0.0,0.0,8.0,0.0,0.0,14.0,GCGTTTGA,GAGATCTATAGCATTTCAG,46,nan,nan,nan,CG46-46,nan,4/7/2014,M,small intestine,nan,nan,nan,nan,nan,nan,nan,nan,nan,nan,nan,nan,nan,nan,nan,nan,nan,nan,nan,nan,814618,nan,nan,nan,nan,Littermate,Littermate,nan,nan,nan,nan,nan,nan,acerutti@imim.es,Andrea Cerutti,Andrea Cerutti,nan,All,nan,16S of mouse gut metagenome,nan,nan,46,nan,nan,nan,nan,nan,AMPLICON,16S,nan,nan,nan,nan,46,nan,nan,nan,46,nan,nan,nan,nan,46,nan,nan,nan,nan,nan,nan,nan,nan,46,nan,nan,nan,nan,nan,nan,IgAKO,IgAKO,nan,nan,IgA_IgG_vaccine_response,nan,Animal,feces,nan,nan,nan,nan,Littermate_IgAKO
CG47-47,0.0,0.0,0.0,0.0,335.0,0.0,4.0,0.0,35.0,13239.0,0.0,0.0,0.0,0.0,0.0,0.0,0.0,13.0,12642.0,107.0,0.0,161.0,33.0,0.0,1084.0,15.0,3200.0,95.0,0.0,0.0,0.0,0.0,0.0,0.0,0.0,0.0,0.0,0.0,0.0,65.0,0.0,0.0,2169.0,0.0,0.0,0.0,0.0,0.0,0.0,86.0,0.0,ACCACCAT,CCGTGGCTGCCCTTCCAAA,47,nan,nan,nan,CG47-47,nan,6/7/2014,F,small intestine,nan,nan,nan,nan,nan,nan,nan,nan,nan,nan,nan,nan,nan,nan,nan,nan,nan,nan,nan,nan,828814,nan,nan,nan,nan,non-co-housed,non-co-housed,nan,nan,nan,nan,nan,nan,acerutti@imim.es,Andrea Cerutti,Andrea Cerutti,nan,All,nan,16S of mouse gut metagenome,nan,nan,47,nan,nan,nan,nan,nan,AMPLICON,16S,nan,nan,nan,nan,47,nan,nan,nan,47,nan,nan,nan,nan,47,nan,nan,nan,nan,nan,nan,nan,nan,47,nan,nan,nan,nan,nan,nan,WT,WT,nan,nan,IgA_IgG_vaccine_response,nan,Animal,feces,nan,nan,nan,nan,non-co-housed_WT
CG48-48,695.0,0.0,0.0,0.0,308.0,0.0,0.0,0.0,12.0,6439.0,0.0,0.0,0.0,0.0,0.0,0.0,0.0,6.0,5425.0,0.0,0.0,0.0,0.0,0.0,13898.0,0.0,302.0,0.0,0.0,0.0,0.0,0.0,0.0,0.0,0.0,0.0,0.0,0.0,0.0,59.0,0.0,0.0,1500.0,58.0,0.0,0.0,90.0,0.0,0.0,0.0,0.0,CCTGTGTA,ACTTCCGATCTTTAAGCTA,48,nan,nan,nan,CG48-48,nan,6/7/2014,F,small intestine,nan,nan,nan,nan,nan,nan,nan,nan,nan,nan,nan,nan,nan,nan,nan,nan,nan,nan,nan,nan,828814,nan,nan,nan,nan,non-co-housed,non-co-housed,nan,nan,nan,nan,nan,nan,acerutti@imim.es,Andrea Cerutti,Andrea Cerutti,nan,All,nan,16S of mouse gut metagenome,nan,nan,48,nan,nan,nan,nan,nan,AMPLICON,16S,nan,nan,nan,nan,48,nan,nan,nan,48,nan,nan,nan,nan,48,nan,nan,nan,nan,nan,nan,nan,nan,48,nan,nan,nan,nan,nan,nan,WT,WT,nan,nan,IgA_IgG_vaccine_response,nan,Animal,feces,nan,nan,nan,nan,non-co-housed_WT
CG49-49,0.0,2.0,0.0,0.0,591.0,0.0,0.0,12.0,22.0,21255.0,0.0,9.0,0.0,0.0,0.0,0.0,11.0,0.0,11583.0,22.0,0.0,49.0,65.0,0.0,1354.0,0.0,1055.0,141.0,0.0,63.0,0.0,0.0,0.0,0.0,0.0,0.0,0.0,0.0,0.0,103.0,0.0,0.0,1395.0,42.0,0.0,0.0,62.0,0.0,0.0,150.0,0.0,TCAGTTGT,AAGGGTTCCTGTAAAGCAG,49,nan,nan,nan,CG49-49,nan,6/7/2014,F,small intestine,nan,nan,nan,nan,nan,nan,nan,nan,nan,nan,nan,nan,nan,nan,nan,nan,nan,nan,nan,nan,828814,nan,nan,nan,nan,non-co-housed,non-co-housed,nan,nan,nan,nan,nan,nan,acerutti@imim.es,Andrea Cerutti,Andrea Cerutti,nan,All,nan,16S of mouse gut metagenome,nan,nan,49,nan,nan,nan,nan,nan,AMPLICON,16S,nan,nan,nan,nan,49,nan,nan,nan,49,nan,nan,nan,nan,49,nan,nan,nan,nan,nan,nan,nan,nan,49,nan,nan,nan,nan,nan,nan,WT,WT,nan,nan,IgA_IgG_vaccine_response,nan,Animal,feces,nan,nan,nan,nan,non-co-housed_WT
CG50-50,0.0,0.0,0.0,0.0,1322.0,0.0,0.0,0.0,63.0,3904.0,0.0,0.0,0.0,0.0,0.0,55.0,0.0,0.0,7969.0,59.0,2198.0,0.0,6.0,0.0,1204.0,0.0,839.0,0.0,0.0,566.0,0.0,0.0,0.0,0.0,0.0,0.0,0.0,0.0,23.0,128.0,0.0,0.0,1975.0,0.0,0.0,0.0,0.0,0.0,0.0,56.0,0.0,AGATACGG,TGTGAAAATCCTTCTCCTA,50,nan,nan,nan,CG50-50,nan,2/22/2015,M,small intestine,nan,nan,nan,nan,nan,nan,nan,nan,nan,nan,nan,nan,nan,nan,nan,nan,nan,nan,nan,nan,899781,nan,nan,nan,nan,non-co-housed,non-co-housed,nan,nan,nan,nan,nan,nan,acerutti@imim.es,Andrea Cerutti,Andrea Cerutti,nan,All,nan,16S of mouse gut metagenome,nan,nan,50,nan,nan,nan,nan,nan,AMPLICON,16S,nan,nan,nan,nan,50,nan,nan,nan,50,nan,nan,nan,nan,50,nan,nan,nan,nan,nan,nan,nan,nan,50,nan,nan,nan,nan,nan,nan,WT,WT,nan,nan,IgA_IgG_vaccine_response,nan,Animal,feces,nan,nan,nan,nan,non-co-housed_WT
CG51-51,0.0,0.0,0.0,0.0,619.0,0.0,0.0,0.0,0.0,6746.0,0.0,0.0,0.0,0.0,0.0,86.0,0.0,0.0,6358.0,95.0,2336.0,0.0,15.0,0.0,608.0,0.0,898.0,0.0,0.0,159.0,0.0,0.0,0.0,0.0,0.0,0.0,0.0,0.0,0.0,25.0,0.0,0.0,2314.0,0.0,0.0,0.0,0.0,0.0,0.0,127.0,0.0,ATAATTTT,TTGTACCAATCCTACCAGG,51,nan,nan,nan,CG51-51,nan,2/22/2015,M,small intestine,nan,nan,nan,nan,nan,nan,nan,nan,nan,nan,nan,nan,nan,nan,nan,nan,nan,nan,nan,nan,899781,nan,nan,nan,nan,non-co-housed,non-co-housed,nan,nan,nan,nan,nan,nan,acerutti@imim.es,Andrea Cerutti,Andrea Cerutti,nan,All,nan,16S of mouse gut metagenome,nan,nan,51,nan,nan,nan,nan,nan,AMPLICON,16S,nan,nan,nan,nan,51,nan,nan,nan,51,nan,nan,nan,nan,51,nan,nan,nan,nan,nan,nan,nan,nan,51,nan,nan,nan,nan,nan,nan,WT,WT,nan,nan,IgA_IgG_vaccine_response,nan,Animal,feces,nan,nan,nan,nan,non-co-housed_WT
CG52-52,0.0,0.0,0.0,0.0,600.0,0.0,0.0,0.0,0.0,2644.0,0.0,0.0,0.0,0.0,33.0,175.0,0.0,0.0,13119.0,70.0,449.0,8.0,0.0,0.0,170.0,0.0,264.0,0.0,0.0,69.0,0.0,0.0,0.0,0.0,0.0,0.0,0.0,0.0,0.0,107.0,0.0,0.0,2681.0,0.0,0.0,0.0,0.0,0.0,0.0,29.0,0.0,TAAGGCAT,GAAACGGATGGAATATTCC,52,nan,nan,nan,CG52-52,nan,2/22/2015,M,small intestine,nan,nan,nan,nan,nan,nan,nan,nan,nan,nan,nan,nan,nan,nan,nan,nan,nan,nan,nan,nan,899781,nan,nan,nan,nan,non-co-housed,non-co-housed,nan,nan,nan,nan,nan,nan,acerutti@imim.es,Andrea Cerutti,Andrea Cerutti,nan,All,nan,16S of mouse gut metagenome,nan,nan,52,nan,nan,nan,nan,nan,AMPLICON,16S,nan,nan,nan,nan,52,nan,nan,nan,52,nan,nan,nan,nan,52,nan,nan,nan,nan,nan,nan,nan,nan,52,nan,nan,nan,nan,nan,nan,WT,WT,nan,nan,IgA_IgG_vaccine_response,nan,Animal,feces,nan,nan,nan,nan,non-co-housed_WT
CG53-53,0.0,0.0,0.0,0.0,308.0,0.0,0.0,0.0,0.0,7912.0,0.0,0.0,0.0,0.0,38.0,284.0,310.0,0.0,11449.0,0.0,0.0,116.0,0.0,0.0,0.0,0.0,519.0,0.0,0.0,466.0,0.0,8.0,12.0,0.0,0.0,0.0,0.0,0.0,0.0,656.0,29.0,0.0,752.0,0.0,0.0,0.0,0.0,0.0,0.0,35.0,0.0,TTGCCTGT,CCTCACAGAGTGGGGTCCG,53,nan,nan,nan,CG53-53,nan,2/26/2015,M,small intestine,nan,nan,nan,nan,nan,nan,nan,nan,nan,nan,nan,nan,nan,nan,nan,nan,nan,nan,nan,nan,899773,nan,nan,nan,nan,non-co-housed,non-co-housed,nan,nan,nan,nan,nan,nan,acerutti@imim.es,Andrea Cerutti,Andrea Cerutti,nan,All,nan,16S of mouse gut metagenome,nan,nan,53,nan,nan,nan,nan,nan,AMPLICON,16S,nan,nan,nan,nan,53,nan,nan,nan,53,nan,nan,nan,nan,53,nan,nan,nan,nan,nan,nan,nan,nan,53,nan,nan,nan,nan,nan,nan,WT,WT,nan,nan,IgA_IgG_vaccine_response,nan,Animal,feces,nan,nan,nan,nan,non-co-housed_WT
CG54-54,0.0,0.0,0.0,0.0,217.0,0.0,0.0,0.0,0.0,5265.0,0.0,0.0,0.0,0.0,39.0,242.0,288.0,0.0,16896.0,0.0,0.0,74.0,0.0,0.0,52.0,0.0,380.0,0.0,0.0,559.0,0.0,0.0,0.0,0.0,0.0,0.0,0.0,0.0,0.0,347.0,0.0,0.0,676.0,0.0,0.0,0.0,0.0,0.0,0.0,47.0,0.0,AAAGGACT,TGGAGGCTAGCCCGTGTAC,54,nan,nan,nan,CG54-54,nan,2/26/2015,M,small intestine,nan,nan,nan,nan,nan,nan,nan,nan,nan,nan,nan,nan,nan,nan,nan,nan,nan,nan,nan,nan,899773,nan,nan,nan,nan,non-co-housed,non-co-housed,nan,nan,nan,nan,nan,nan,acerutti@imim.es,Andrea Cerutti,Andrea Cerutti,nan,All,nan,16S of mouse gut metagenome,nan,nan,54,nan,nan,nan,nan,nan,AMPLICON,16S,nan,nan,nan,nan,54,nan,nan,nan,54,nan,nan,nan,nan,54,nan,nan,nan,nan,nan,nan,nan,nan,54,nan,nan,nan,nan,nan,nan,WT,WT,nan,nan,IgA_IgG_vaccine_response,nan,Animal,feces,nan,nan,nan,nan,non-co-housed_WT
CG55-55,0.0,0.0,0.0,0.0,757.0,0.0,0.0,0.0,0.0,5948.0,0.0,0.0,0.0,0.0,0.0,0.0,43.0,0.0,10324.0,112.0,37.0,21.0,18.0,0.0,831.0,0.0,1776.0,29.0,0.0,46.0,0.0,0.0,0.0,0.0,0.0,0.0,0.0,0.0,0.0,18.0,0.0,0.0,2117.0,0.0,0.0,0.0,0.0,0.0,0.0,88.0,0.0,TTAGACTC,CTTTGGAAGTAGTGATTCT,55,nan,nan,nan,CG55-55,nan,3/1/2015,M,small intestine,nan,nan,nan,nan,nan,nan,nan,nan,nan,nan,nan,nan,nan,nan,nan,nan,nan,nan,nan,nan,899774,nan,nan,nan,nan,non-co-housed,non-co-housed,nan,nan,nan,nan,nan,nan,acerutti@imim.es,Andrea Cerutti,Andrea Cerutti,nan,All,nan,16S of mouse gut metagenome,nan,nan,55,nan,nan,nan,nan,nan,AMPLICON,16S,nan,nan,nan,nan,55,nan,nan,nan,55,nan,nan,nan,nan,55,nan,nan,nan,nan,nan,nan,nan,nan,55,nan,nan,nan,nan,nan,nan,WT,WT,nan,nan,IgA_IgG_vaccine_response,nan,Animal,feces,nan,nan,nan,nan,non-co-housed_WT
CG56-56,0.0,0.0,0.0,0.0,620.0,0.0,0.0,0.0,0.0,6189.0,0.0,0.0,0.0,0.0,6.0,10.0,98.0,0.0,10618.0,79.0,46.0,0.0,44.0,3.0,23.0,0.0,1816.0,60.0,22.0,151.0,0.0,0.0,0.0,0.0,0.0,0.0,0.0,0.0,0.0,7.0,0.0,18.0,1645.0,0.0,0.0,0.0,0.0,0.0,0.0,108.0,0.0,GTATGACA,GCGAGTAATCTATGTGCAG,56,nan,nan,nan,CG56-56,nan,3/1/2015,M,small intestine,nan,nan,nan,nan,nan,nan,nan,nan,nan,nan,nan,nan,nan,nan,nan,nan,nan,nan,nan,nan,899774,nan,nan,nan,nan,non-co-housed,non-co-housed,nan,nan,nan,nan,nan,nan,acerutti@imim.es,Andrea Cerutti,Andrea Cerutti,nan,All,nan,16S of mouse gut metagenome,nan,nan,56,nan,nan,nan,nan,nan,AMPLICON,16S,nan,nan,nan,nan,56,nan,nan,nan,56,nan,nan,nan,nan,56,nan,nan,nan,nan,nan,nan,nan,nan,56,nan,nan,nan,nan,nan,nan,WT,WT,nan,nan,IgA_IgG_vaccine_response,nan,Animal,feces,nan,nan,nan,nan,non-co-housed_WT
CG57-57,0.0,0.0,0.0,0.0,230.0,0.0,0.0,0.0,0.0,8060.0,0.0,0.0,0.0,0.0,0.0,0.0,0.0,0.0,2245.0,0.0,17.0,409.0,21.0,0.0,10556.0,0.0,1942.0,251.0,0.0,34.0,0.0,0.0,0.0,0.0,0.0,0.0,0.0,0.0,0.0,37.0,18.0,0.0,2244.0,0.0,0.0,0.0,9.0,0.0,0.0,27.0,0.0,ATAACAGC,AGTATGTTACCACCGTGCT,57,nan,nan,nan,CG57-57,nan,4/25/2014,M,small intestine,nan,nan,nan,nan,nan,nan,nan,nan,nan,nan,nan,nan,nan,nan,nan,nan,nan,nan,nan,nan,814525,nan,nan,nan,nan,non-co-housed,non-co-housed,nan,nan,nan,nan,nan,nan,acerutti@imim.es,Andrea Cerutti,Andrea Cerutti,nan,All,nan,16S of mouse gut metagenome,nan,nan,57,nan,nan,nan,nan,nan,AMPLICON,16S,nan,nan,nan,nan,57,nan,nan,nan,57,nan,nan,nan,nan,57,nan,nan,nan,nan,nan,nan,nan,nan,57,nan,nan,nan,nan,nan,nan,IgAKO,IgAKO,nan,nan,IgA_IgG_vaccine_response,nan,Animal,feces,nan,nan,nan,nan,non-co-housed_IgAKO
CG58-58,15.0,0.0,0.0,0.0,17.0,0.0,0.0,0.0,0.0,1066.0,0.0,0.0,0.0,0.0,0.0,0.0,0.0,0.0,0.0,19.0,102.0,0.0,0.0,0.0,3316.0,0.0,337.0,12.0,0.0,0.0,0.0,0.0,0.0,0.0,0.0,0.0,0.0,0.0,0.0,31.0,0.0,41.0,280.0,0.0,0.0,0.0,122.0,0.0,0.0,0.0,0.0,GCGGCAAT,TCTATAAGTTGTGCGCGTG,58,nan,nan,nan,CG58-58,nan,4/25/2014,M,small intestine,nan,nan,nan,nan,nan,nan,nan,nan,nan,nan,nan,nan,nan,nan,nan,nan,nan,nan,nan,nan,814525,nan,nan,nan,nan,non-co-housed,non-co-housed,nan,nan,nan,nan,nan,nan,acerutti@imim.es,Andrea Cerutti,Andrea Cerutti,nan,All,nan,16S of mouse gut metagenome,nan,nan,58,nan,nan,nan,nan,nan,AMPLICON,16S,nan,nan,nan,nan,58,nan,nan,nan,58,nan,nan,nan,nan,58,nan,nan,nan,nan,nan,nan,nan,nan,58,nan,nan,nan,nan,nan,nan,IgAKO,IgAKO,nan,nan,IgA_IgG_vaccine_response,nan,Animal,feces,nan,nan,nan,nan,non-co-housed_IgAKO
CG60-60,0.0,0.0,0.0,0.0,677.0,0.0,0.0,0.0,0.0,8934.0,0.0,0.0,0.0,0.0,0.0,0.0,0.0,0.0,11856.0,0.0,0.0,38.0,15.0,15.0,1237.0,0.0,967.0,76.0,0.0,0.0,0.0,0.0,0.0,0.0,0.0,0.0,0.0,0.0,0.0,267.0,0.0,0.0,2629.0,0.0,0.0,0.0,0.0,0.0,0.0,69.0,0.0,TCGCCATT,TTGGCACGAGCTTGGCCGC,60,nan,nan,nan,CG60-60,nan,1/17/2015,F,small intestine,nan,nan,nan,nan,nan,nan,nan,nan,nan,nan,nan,nan,nan,nan,nan,nan,nan,nan,nan,nan,875915,nan,nan,nan,nan,non-co-housed,non-co-housed,nan,nan,nan,nan,nan,nan,acerutti@imim.es,Andrea Cerutti,Andrea Cerutti,nan,All,nan,16S of mouse gut metagenome,nan,nan,60,nan,nan,nan,nan,nan,AMPLICON,16S,nan,nan,nan,nan,60,nan,nan,nan,60,nan,nan,nan,nan,60,nan,nan,nan,nan,nan,nan,nan,nan,60,nan,nan,nan,nan,nan,nan,IgAKO,IgAKO,nan,nan,IgA_IgG_vaccine_response,nan,Animal,feces,nan,nan,nan,nan,non-co-housed_IgAKO
CG61-61,0.0,0.0,0.0,0.0,546.0,0.0,0.0,0.0,0.0,11654.0,0.0,0.0,0.0,0.0,0.0,0.0,0.0,0.0,10420.0,0.0,0.0,20.0,0.0,0.0,0.0,0.0,724.0,0.0,0.0,0.0,0.0,0.0,0.0,0.0,0.0,0.0,0.0,0.0,0.0,301.0,16.0,0.0,3035.0,0.0,0.0,0.0,0.0,0.0,0.0,54.0,0.0,ATGTATGT,ACCATCTATATGTAAATAT,61,nan,nan,nan,CG61-61,nan,1/17/2015,F,small intestine,nan,nan,nan,nan,nan,nan,nan,nan,nan,nan,nan,nan,nan,nan,nan,nan,nan,nan,nan,nan,875915,nan,nan,nan,nan,non-co-housed,non-co-housed,nan,nan,nan,nan,nan,nan,acerutti@imim.es,Andrea Cerutti,Andrea Cerutti,nan,All,nan,16S of mouse gut metagenome,nan,nan,61,nan,nan,nan,nan,nan,AMPLICON,16S,nan,nan,nan,nan,61,nan,nan,nan,61,nan,nan,nan,nan,61,nan,nan,nan,nan,nan,nan,nan,nan,61,nan,nan,nan,nan,nan,nan,IgAKO,IgAKO,nan,nan,IgA_IgG_vaccine_response,nan,Animal,feces,nan,nan,nan,nan,non-co-housed_IgAKO
CG62-62,0.0,0.0,0.0,0.0,531.0,0.0,0.0,0.0,8.0,10990.0,0.0,0.0,0.0,0.0,0.0,0.0,0.0,0.0,9300.0,0.0,0.0,0.0,0.0,0.0,3286.0,0.0,146.0,0.0,0.0,0.0,0.0,0.0,0.0,0.0,0.0,0.0,0.0,0.0,0.0,260.0,0.0,0.0,2003.0,0.0,0.0,0.0,0.0,0.0,0.0,33.0,0.0,GGTTTAGG,GTCGTCGCCTTCGCATCGG,62,nan,nan,nan,CG62-62,nan,1/17/2015,F,small intestine,nan,nan,nan,nan,nan,nan,nan,nan,nan,nan,nan,nan,nan,nan,nan,nan,nan,nan,nan,nan,875915,nan,nan,nan,nan,non-co-housed,non-co-housed,nan,nan,nan,nan,nan,nan,acerutti@imim.es,Andrea Cerutti,Andrea Cerutti,nan,All,nan,16S of mouse gut metagenome,nan,nan,62,nan,nan,nan,nan,nan,AMPLICON,16S,nan,nan,nan,nan,62,nan,nan,nan,62,nan,nan,nan,nan,62,nan,nan,nan,nan,nan,nan,nan,nan,62,nan,nan,nan,nan,nan,nan,IgAKO,IgAKO,nan,nan,IgA_IgG_vaccine_response,nan,Animal,feces,nan,nan,nan,nan,non-co-housed_IgAKO
CG63-63,0.0,0.0,0.0,0.0,606.0,0.0,0.0,0.0,25.0,6006.0,0.0,0.0,0.0,0.0,0.0,0.0,0.0,0.0,4931.0,77.0,0.0,88.0,0.0,0.0,8823.0,0.0,1190.0,20.0,0.0,0.0,0.0,0.0,0.0,0.0,0.0,0.0,0.0,0.0,0.0,102.0,0.0,25.0,1473.0,0.0,0.0,0.0,0.0,0.0,0.0,79.0,0.0,ATGAGTGC,CTCAGCACCTGTATTACTC,63,nan,nan,nan,CG63-63,nan,12/13/2014,M,small intestine,nan,nan,nan,nan,nan,nan,nan,nan,nan,nan,nan,nan,nan,nan,nan,nan,nan,nan,nan,nan,866116,nan,nan,nan,nan,non-co-housed,non-co-housed,nan,nan,nan,nan,nan,nan,acerutti@imim.es,Andrea Cerutti,Andrea Cerutti,nan,All,nan,16S of mouse gut metagenome,nan,nan,63,nan,nan,nan,nan,nan,AMPLICON,16S,nan,nan,nan,nan,63,nan,nan,nan,63,nan,nan,nan,nan,63,nan,nan,nan,nan,nan,nan,nan,nan,63,nan,nan,nan,nan,nan,nan,IgAKO,IgAKO,nan,nan,IgA_IgG_vaccine_response,nan,Animal,feces,nan,nan,nan,nan,non-co-housed_IgAKO
CG64-64,0.0,0.0,0.0,0.0,191.0,0.0,0.0,0.0,0.0,4831.0,0.0,0.0,0.0,29.0,0.0,0.0,0.0,0.0,10081.0,676.0,0.0,0.0,0.0,0.0,463.0,0.0,785.0,15.0,0.0,323.0,0.0,0.0,0.0,0.0,67.0,0.0,24.0,0.0,0.0,138.0,137.0,0.0,304.0,0.0,13.0,0.0,0.0,0.0,13.0,0.0,0.0,TCGTTGAG,GGCCATCACAGTCCTTTGC,64,nan,nan,nan,CG64-64,nan,12/13/2014,M,small intestine,nan,nan,nan,nan,nan,nan,nan,nan,nan,nan,nan,nan,nan,nan,nan,nan,nan,nan,nan,nan,866116,nan,nan,nan,nan,non-co-housed,non-co-housed,nan,nan,nan,nan,nan,nan,acerutti@imim.es,Andrea Cerutti,Andrea Cerutti,nan,All,nan,16S of mouse gut metagenome,nan,nan,64,nan,nan,nan,nan,nan,AMPLICON,16S,nan,nan,nan,nan,64,nan,nan,nan,64,nan,nan,nan,nan,64,nan,nan,nan,nan,nan,nan,nan,nan,64,nan,nan,nan,nan,nan,nan,IgAKO,IgAKO,nan,nan,IgA_IgG_vaccine_response,nan,Animal,feces,nan,nan,nan,nan,non-co-housed_IgAKO
CG65-65,54.0,0.0,0.0,0.0,726.0,0.0,0.0,0.0,0.0,6871.0,0.0,0.0,0.0,0.0,0.0,0.0,0.0,0.0,3194.0,15.0,0.0,0.0,0.0,0.0,5557.0,0.0,81.0,0.0,0.0,25.0,0.0,0.0,0.0,0.0,0.0,0.0,0.0,0.0,0.0,334.0,0.0,21.0,1457.0,0.0,0.0,0.0,0.0,0.0,0.0,32.0,21.0,GCGTTCCG,GCTTGATGGGGACGAGACG,65,nan,nan,nan,CG65-65,nan,12/13/2014,M,small intestine,nan,nan,nan,nan,nan,nan,nan,nan,nan,nan,nan,nan,nan,nan,nan,nan,nan,nan,nan,nan,866116,nan,nan,nan,nan,non-co-housed,non-co-housed,nan,nan,nan,nan,nan,nan,acerutti@imim.es,Andrea Cerutti,Andrea Cerutti,nan,All,nan,16S of mouse gut metagenome,nan,nan,65,nan,nan,nan,nan,nan,AMPLICON,16S,nan,nan,nan,nan,65,nan,nan,nan,65,nan,nan,nan,nan,65,nan,nan,nan,nan,nan,nan,nan,nan,65,nan,nan,nan,nan,nan,nan,IgAKO,IgAKO,nan,nan,IgA_IgG_vaccine_response,nan,Animal,feces,nan,nan,nan,nan,non-co-housed_IgAKO
CG66-66,0.0,0.0,0.0,280.0,195.0,0.0,0.0,0.0,0.0,4296.0,0.0,0.0,0.0,0.0,0.0,0.0,0.0,0.0,24609.0,0.0,0.0,0.0,0.0,0.0,2748.0,0.0,274.0,0.0,0.0,0.0,0.0,0.0,0.0,0.0,0.0,0.0,0.0,0.0,0.0,262.0,23.0,0.0,1167.0,0.0,0.0,0.0,69.0,0.0,0.0,11.0,0.0,GAAGGAAT,AGTTTGCGTCGGGCGCCCC,66,nan,nan,nan,CG66-66,nan,2/3/2015,F,small intestine,nan,nan,nan,nan,nan,nan,nan,nan,nan,nan,nan,nan,nan,nan,nan,nan,nan,nan,nan,nan,866141,nan,nan,nan,nan,non-co-housed,non-co-housed,nan,nan,nan,nan,nan,nan,acerutti@imim.es,Andrea Cerutti,Andrea Cerutti,nan,All,nan,16S of mouse gut metagenome,nan,nan,66,nan,nan,nan,nan,nan,AMPLICON,16S,nan,nan,nan,nan,66,nan,nan,nan,66,nan,nan,nan,nan,66,nan,nan,nan,nan,nan,nan,nan,nan,66,nan,nan,nan,nan,nan,nan,IgAKO,IgAKO,nan,nan,IgA_IgG_vaccine_response,nan,Animal,feces,nan,nan,nan,nan,non-co-housed_IgAKO
